-- phpMyAdmin SQL Dump
-- version 5.2.0
-- https://www.phpmyadmin.net/
--
-- Servidor: 127.0.0.1
-- Tiempo de generación: 28-06-2023 a las 07:30:11
-- Versión del servidor: 10.4.27-MariaDB
-- Versión de PHP: 8.2.0

SET SQL_MODE = "NO_AUTO_VALUE_ON_ZERO";
START TRANSACTION;
SET time_zone = "+00:00";


/*!40101 SET @OLD_CHARACTER_SET_CLIENT=@@CHARACTER_SET_CLIENT */;
/*!40101 SET @OLD_CHARACTER_SET_RESULTS=@@CHARACTER_SET_RESULTS */;
/*!40101 SET @OLD_COLLATION_CONNECTION=@@COLLATION_CONNECTION */;
/*!40101 SET NAMES utf8mb4 */;

--
-- Base de datos: `poshiper`
--

-- --------------------------------------------------------

--
-- Estructura de tabla para la tabla `almacenes`
--

CREATE TABLE `almacenes` (
  `id` bigint(20) UNSIGNED NOT NULL,
  `empresa_id` bigint(20) UNSIGNED NOT NULL,
  `descripcion` varchar(255) NOT NULL,
  `ubicacion` varchar(255) NOT NULL,
  `entrada` time NOT NULL,
  `salida` time NOT NULL,
  `created_at` timestamp NULL DEFAULT NULL,
  `updated_at` timestamp NULL DEFAULT NULL
) ENGINE=InnoDB DEFAULT CHARSET=utf8mb4 COLLATE=utf8mb4_unicode_ci;

--
-- Volcado de datos para la tabla `almacenes`
--

INSERT INTO `almacenes` (`id`, `empresa_id`, `descripcion`, `ubicacion`, `entrada`, `salida`, `created_at`, `updated_at`) VALUES
(1, 1, 'Villa Alemana', 'Lautaro 20', '09:30:00', '18:30:00', '2023-04-27 01:37:08', '2023-06-22 22:00:24'),
(3, 1, 'Limache', 'Condell 185', '09:30:00', '18:30:00', '2023-04-27 02:30:24', '2023-06-22 22:00:19'),
(4, 4, 'Quilpue', 'Los Carreras 1645', '09:30:00', '18:30:00', '2023-04-27 02:30:45', '2023-06-22 22:00:14');

-- --------------------------------------------------------

--
-- Estructura de tabla para la tabla `cajas`
--

CREATE TABLE `cajas` (
  `id` bigint(20) UNSIGNED NOT NULL,
  `usuario_id` bigint(20) UNSIGNED NOT NULL,
  `almacen_id` bigint(20) UNSIGNED NOT NULL,
  `fecha_apertura` datetime NOT NULL DEFAULT current_timestamp(),
  `fecha_cierre` datetime NOT NULL DEFAULT current_timestamp(),
  `monto_apertura` double(8,2) NOT NULL,
  `monto_ingreso` double(8,2) NOT NULL,
  `monto_egreso` double(8,2) NOT NULL,
  `monto_cierre` double(8,2) NOT NULL,
  `estado` int(11) NOT NULL,
  `created_at` timestamp NULL DEFAULT NULL,
  `updated_at` timestamp NULL DEFAULT NULL
) ENGINE=InnoDB DEFAULT CHARSET=utf8mb4 COLLATE=utf8mb4_unicode_ci;

-- --------------------------------------------------------

--
-- Estructura de tabla para la tabla `categorias`
--

CREATE TABLE `categorias` (
  `id` bigint(20) UNSIGNED NOT NULL,
  `nombre` varchar(255) NOT NULL,
  `created_at` timestamp NULL DEFAULT NULL,
  `updated_at` timestamp NULL DEFAULT NULL
) ENGINE=InnoDB DEFAULT CHARSET=utf8mb4 COLLATE=utf8mb4_unicode_ci;

--
-- Volcado de datos para la tabla `categorias`
--

INSERT INTO `categorias` (`id`, `nombre`, `created_at`, `updated_at`) VALUES
(1, 'Pañales Bebes', '2023-04-28 23:13:30', '2023-05-14 05:39:04'),
(3, 'Adulto Mayor', '2023-05-17 02:11:54', '2023-05-17 02:11:54'),
(4, 'Perfumeria', '2023-04-28 23:13:30', '2023-05-14 05:39:04'),
(27, 'Aseo', '2023-05-16 23:14:54', '2023-05-16 23:14:54');

-- --------------------------------------------------------

--
-- Estructura de tabla para la tabla `clientes`
--

CREATE TABLE `clientes` (
  `id` bigint(20) UNSIGNED NOT NULL,
  `rut` varchar(255) NOT NULL,
  `nombre` varchar(255) NOT NULL,
  `apellido` varchar(255) NOT NULL,
  `direccion` varchar(255) NOT NULL,
  `telefono` varchar(255) NOT NULL,
  `limite_credito` float(10,2) NOT NULL DEFAULT 0.00,
  `credito_usado` float(10,2) NOT NULL DEFAULT 0.00,
  `descuento` int(1) NOT NULL DEFAULT 0,
  `created_at` timestamp NULL DEFAULT NULL,
  `updated_at` timestamp NULL DEFAULT NULL
) ENGINE=InnoDB DEFAULT CHARSET=utf8mb4 COLLATE=utf8mb4_unicode_ci;

--
-- Volcado de datos para la tabla `clientes`
--

INSERT INTO `clientes` (`id`, `rut`, `nombre`, `apellido`, `direccion`, `telefono`, `limite_credito`, `credito_usado`, `descuento`, `created_at`, `updated_at`) VALUES
(1, '163847167', 'Felipe', 'Lopez', 'Los Aromos 1340, Casa 13, Villa Alemana', '+56931194827', 50000.00, 10000.00, 5, '2023-04-28 21:36:52', '2023-04-28 22:09:51'),
(2, '179458144', 'Samaria', 'Allendes', 'Los Aromos 1340, Casa 13, Villa Alemana', '+56931194826', 0.00, 0.00, 0, '2023-04-28 21:56:29', '2023-04-28 22:13:29');

-- --------------------------------------------------------

--
-- Estructura de tabla para la tabla `compras`
--

CREATE TABLE `compras` (
  `id` bigint(20) UNSIGNED NOT NULL,
  `proveedor_id` bigint(20) UNSIGNED NOT NULL,
  `documento` varchar(50) NOT NULL,
  `num_documento` varchar(255) NOT NULL,
  `subtotal` float(10,2) NOT NULL,
  `iva` float(10,2) NOT NULL,
  `total_compra` float(10,2) NOT NULL,
  `tipo_pago` varchar(255) NOT NULL,
  `created_at` timestamp NULL DEFAULT NULL,
  `updated_at` timestamp NULL DEFAULT NULL
) ENGINE=InnoDB DEFAULT CHARSET=utf8mb4 COLLATE=utf8mb4_unicode_ci;

--
-- Volcado de datos para la tabla `compras`
--

INSERT INTO `compras` (`id`, `proveedor_id`, `documento`, `num_documento`, `subtotal`, `iva`, `total_compra`, `tipo_pago`, `created_at`, `updated_at`) VALUES
(149, 13, 'Boleta', '5545454', 63865.55, 12134.45, 76000.00, 'Efectivo', '2023-06-20 23:28:15', '2023-06-20 23:41:44'),
(150, 7, 'Factura', '654546546', 43655.46, 8294.54, 51950.00, 'Efectivo', '2023-06-20 23:39:45', '2023-06-20 23:39:45');

-- --------------------------------------------------------

--
-- Estructura de tabla para la tabla `depositos`
--

CREATE TABLE `depositos` (
  `id` bigint(20) UNSIGNED NOT NULL,
  `producto_id` bigint(20) UNSIGNED NOT NULL,
  `stock` int(11) NOT NULL,
  `created_at` timestamp NULL DEFAULT NULL,
  `updated_at` timestamp NULL DEFAULT NULL
) ENGINE=InnoDB DEFAULT CHARSET=utf8mb4 COLLATE=utf8mb4_unicode_ci;

--
-- Volcado de datos para la tabla `depositos`
--

INSERT INTO `depositos` (`id`, `producto_id`, `stock`, `created_at`, `updated_at`) VALUES
(961, 3614, 10, '2023-06-01 04:46:15', '2023-06-20 23:28:15'),
(962, 3615, 10, '2023-06-01 04:46:15', '2023-06-20 23:28:15'),
(963, 3616, 10, '2023-06-01 04:46:15', '2023-06-20 23:28:15'),
(964, 3617, 10, '2023-06-01 04:46:15', '2023-06-20 23:28:15'),
(965, 3618, 0, '2023-06-01 04:46:15', '2023-06-20 23:09:20'),
(966, 3619, 20, '2023-06-01 04:46:15', '2023-06-20 23:17:01'),
(967, 3620, 0, '2023-06-01 04:46:15', '2023-06-20 22:21:08'),
(968, 3621, 0, '2023-06-01 04:46:15', '2023-06-20 22:21:08'),
(969, 3622, 10, '2023-06-01 04:46:15', '2023-06-20 23:39:45'),
(970, 3623, 0, '2023-06-01 04:46:15', '2023-06-20 22:20:59'),
(971, 3624, 0, '2023-06-01 04:46:15', '2023-06-01 04:46:15'),
(972, 3625, 0, '2023-06-01 04:46:15', '2023-06-01 04:46:15'),
(973, 3626, 0, '2023-06-01 04:46:15', '2023-06-01 04:46:15'),
(974, 3627, 0, '2023-06-01 04:46:15', '2023-06-01 04:46:15'),
(975, 3628, 0, '2023-06-01 04:46:15', '2023-06-01 04:46:15'),
(976, 3629, 0, '2023-06-01 04:46:15', '2023-06-01 04:46:15'),
(977, 3630, 0, '2023-06-01 04:46:15', '2023-06-01 04:46:15'),
(978, 3631, 0, '2023-06-01 04:46:15', '2023-06-01 04:46:15'),
(979, 3632, 0, '2023-06-01 04:46:15', '2023-06-01 04:46:15'),
(980, 3633, 0, '2023-06-01 04:46:15', '2023-06-01 04:46:15'),
(981, 3634, 0, '2023-06-01 04:46:15', '2023-06-01 04:46:15'),
(982, 3635, 0, '2023-06-01 04:46:15', '2023-06-01 04:46:15'),
(983, 3636, 0, '2023-06-01 04:46:15', '2023-06-01 04:46:15'),
(984, 3637, 0, '2023-06-01 04:46:15', '2023-06-01 04:46:15'),
(985, 3638, 0, '2023-06-01 04:46:15', '2023-06-01 04:46:15'),
(986, 3639, 0, '2023-06-01 04:46:15', '2023-06-01 04:46:15'),
(987, 3640, 0, '2023-06-01 04:46:15', '2023-06-01 04:46:15'),
(988, 3641, 0, '2023-06-01 04:46:15', '2023-06-01 04:46:15'),
(989, 3642, 0, '2023-06-01 04:46:15', '2023-06-01 04:46:15'),
(990, 3643, 0, '2023-06-01 04:46:15', '2023-06-01 04:46:15'),
(991, 3644, 0, '2023-06-01 04:46:15', '2023-06-01 04:46:15'),
(992, 3645, 0, '2023-06-01 04:46:15', '2023-06-01 04:46:15'),
(993, 3646, 0, '2023-06-01 04:46:15', '2023-06-01 04:46:15'),
(994, 3647, 0, '2023-06-01 04:46:15', '2023-06-01 04:46:15'),
(995, 3648, 0, '2023-06-01 04:46:15', '2023-06-01 04:46:15'),
(996, 3649, 0, '2023-06-01 04:46:15', '2023-06-01 04:46:15'),
(997, 3650, 0, '2023-06-01 04:46:15', '2023-06-01 04:46:15'),
(998, 3651, 0, '2023-06-01 04:46:15', '2023-06-01 04:46:15'),
(999, 3652, 0, '2023-06-01 04:46:15', '2023-06-01 04:46:15'),
(1000, 3653, 0, '2023-06-01 04:46:15', '2023-06-01 04:46:15'),
(1001, 3654, 0, '2023-06-01 04:46:15', '2023-06-01 04:46:15'),
(1002, 3655, 0, '2023-06-01 04:46:15', '2023-06-01 04:46:15'),
(1003, 3656, 0, '2023-06-01 04:46:15', '2023-06-01 04:46:15'),
(1004, 3657, 0, '2023-06-01 04:46:15', '2023-06-01 04:46:15'),
(1005, 3658, 0, '2023-06-01 04:46:15', '2023-06-01 04:46:15'),
(1006, 3659, 0, '2023-06-01 04:46:16', '2023-06-01 04:46:16'),
(1007, 3660, 0, '2023-06-01 04:46:16', '2023-06-01 04:46:16'),
(1008, 3661, 0, '2023-06-01 04:46:16', '2023-06-01 04:46:16'),
(1009, 3662, 0, '2023-06-01 04:46:16', '2023-06-01 04:46:16'),
(1010, 3663, 0, '2023-06-01 04:46:16', '2023-06-01 04:46:16'),
(1011, 3664, 0, '2023-06-01 04:46:16', '2023-06-01 04:46:16'),
(1012, 3665, 0, '2023-06-01 04:46:16', '2023-06-01 04:46:16'),
(1013, 3666, 0, '2023-06-01 04:46:16', '2023-06-01 04:46:16'),
(1014, 3667, 0, '2023-06-01 04:46:16', '2023-06-01 04:46:16'),
(1015, 3668, 0, '2023-06-01 04:46:16', '2023-06-01 04:46:16'),
(1016, 3669, 0, '2023-06-01 04:46:16', '2023-06-01 04:46:16'),
(1017, 3670, 0, '2023-06-01 04:46:16', '2023-06-01 04:46:16'),
(1018, 3671, 0, '2023-06-01 04:46:16', '2023-06-01 04:46:16'),
(1019, 3672, 0, '2023-06-01 04:46:16', '2023-06-01 04:46:16'),
(1020, 3673, 0, '2023-06-01 04:46:16', '2023-06-01 04:46:16'),
(1021, 3674, 0, '2023-06-01 04:46:16', '2023-06-01 04:46:16'),
(1022, 3675, 0, '2023-06-01 04:46:16', '2023-06-01 04:46:16'),
(1023, 3676, 0, '2023-06-01 04:46:16', '2023-06-01 04:46:16'),
(1024, 3677, 0, '2023-06-01 04:46:16', '2023-06-01 04:46:16'),
(1025, 3678, 0, '2023-06-01 04:46:16', '2023-06-01 04:46:16'),
(1026, 3679, 0, '2023-06-01 04:46:16', '2023-06-01 04:46:16'),
(1027, 3680, 0, '2023-06-01 04:46:16', '2023-06-01 04:46:16'),
(1028, 3681, 0, '2023-06-01 04:46:16', '2023-06-01 04:46:16'),
(1029, 3682, 0, '2023-06-01 04:46:16', '2023-06-01 04:46:16'),
(1030, 3683, 0, '2023-06-01 04:46:16', '2023-06-01 04:46:16'),
(1031, 3684, 0, '2023-06-01 04:46:16', '2023-06-01 04:46:16'),
(1032, 3685, 0, '2023-06-01 04:46:16', '2023-06-01 04:46:16'),
(1033, 3686, 0, '2023-06-01 04:46:16', '2023-06-01 04:46:16'),
(1034, 3687, 0, '2023-06-01 04:46:16', '2023-06-01 04:46:16'),
(1035, 3688, 0, '2023-06-01 04:46:16', '2023-06-01 04:46:16'),
(1036, 3689, 0, '2023-06-01 04:46:16', '2023-06-01 04:46:16'),
(1037, 3690, 0, '2023-06-01 04:46:16', '2023-06-01 04:46:16'),
(1038, 3691, 0, '2023-06-01 04:46:16', '2023-06-01 04:46:16'),
(1039, 3692, 0, '2023-06-01 04:46:16', '2023-06-01 04:46:16'),
(1040, 3693, 0, '2023-06-01 04:46:16', '2023-06-01 04:46:16'),
(1041, 3694, 0, '2023-06-01 04:46:16', '2023-06-01 04:46:16'),
(1042, 3695, 0, '2023-06-01 04:46:16', '2023-06-01 04:46:16'),
(1043, 3696, 0, '2023-06-01 04:46:16', '2023-06-01 04:46:16'),
(1044, 3697, 0, '2023-06-01 04:46:16', '2023-06-01 04:46:16'),
(1045, 3698, 0, '2023-06-01 04:46:16', '2023-06-01 04:46:16'),
(1046, 3699, 0, '2023-06-01 04:46:16', '2023-06-01 04:46:16'),
(1047, 3700, 0, '2023-06-01 04:46:16', '2023-06-01 04:46:16'),
(1048, 3701, 0, '2023-06-01 04:46:16', '2023-06-01 04:46:16'),
(1049, 3702, 0, '2023-06-01 04:46:16', '2023-06-01 04:46:16'),
(1050, 3703, 0, '2023-06-01 04:46:16', '2023-06-01 04:46:16'),
(1051, 3704, 0, '2023-06-01 04:46:16', '2023-06-01 04:46:16'),
(1052, 3705, 0, '2023-06-01 04:46:16', '2023-06-01 04:46:16'),
(1053, 3706, 0, '2023-06-01 04:46:16', '2023-06-01 04:46:16'),
(1054, 3707, 0, '2023-06-01 04:46:16', '2023-06-01 04:46:16'),
(1055, 3708, 0, '2023-06-01 04:46:16', '2023-06-01 04:46:16'),
(1056, 3709, 0, '2023-06-01 04:46:16', '2023-06-01 04:46:16'),
(1057, 3710, 0, '2023-06-01 04:46:16', '2023-06-01 04:46:16'),
(1058, 3711, 0, '2023-06-01 04:46:16', '2023-06-01 04:46:16'),
(1059, 3712, 0, '2023-06-01 04:46:16', '2023-06-01 04:46:16'),
(1060, 3713, 0, '2023-06-01 04:46:16', '2023-06-01 04:46:16'),
(1061, 3714, 0, '2023-06-01 04:46:16', '2023-06-01 04:46:16'),
(1062, 3715, 0, '2023-06-01 04:46:16', '2023-06-01 04:46:16'),
(1063, 3716, 0, '2023-06-01 04:46:16', '2023-06-01 04:46:16'),
(1064, 3717, 0, '2023-06-01 04:46:16', '2023-06-01 04:46:16'),
(1065, 3718, 0, '2023-06-01 04:46:16', '2023-06-01 04:46:16'),
(1066, 3719, 0, '2023-06-01 04:46:16', '2023-06-01 04:46:16'),
(1067, 3720, 0, '2023-06-01 04:46:16', '2023-06-01 04:46:16'),
(1068, 3721, 0, '2023-06-01 04:46:16', '2023-06-01 04:46:16'),
(1069, 3722, 0, '2023-06-01 04:46:16', '2023-06-01 04:46:16'),
(1070, 3723, 0, '2023-06-01 04:46:16', '2023-06-01 04:46:16'),
(1071, 3724, 0, '2023-06-01 04:46:16', '2023-06-01 04:46:16'),
(1072, 3725, 0, '2023-06-01 04:46:16', '2023-06-01 04:46:16'),
(1073, 3726, 0, '2023-06-01 04:46:16', '2023-06-01 04:46:16'),
(1074, 3727, 0, '2023-06-01 04:46:16', '2023-06-01 04:46:16'),
(1075, 3728, 0, '2023-06-01 04:46:16', '2023-06-01 04:46:16'),
(1076, 3729, 0, '2023-06-01 04:46:16', '2023-06-01 04:46:16'),
(1077, 3730, 0, '2023-06-01 04:46:16', '2023-06-01 04:46:16'),
(1078, 3731, 0, '2023-06-01 04:46:16', '2023-06-01 04:46:16'),
(1079, 3732, 0, '2023-06-01 04:46:16', '2023-06-01 04:46:16'),
(1080, 3733, 0, '2023-06-01 04:46:16', '2023-06-01 04:46:16'),
(1081, 3734, 0, '2023-06-01 04:46:16', '2023-06-01 04:46:16'),
(1082, 3735, 0, '2023-06-01 04:46:16', '2023-06-20 20:45:25'),
(1083, 3736, 0, '2023-06-01 04:46:16', '2023-06-20 20:45:25'),
(1084, 3737, 0, '2023-06-01 04:46:16', '2023-06-20 20:45:25'),
(1085, 3738, 0, '2023-06-01 04:46:16', '2023-06-01 04:46:16'),
(1086, 3739, 0, '2023-06-01 04:46:16', '2023-06-01 04:46:16'),
(1087, 3740, 0, '2023-06-01 04:46:16', '2023-06-01 04:46:16'),
(1088, 3741, 0, '2023-06-01 04:46:16', '2023-06-01 04:46:16'),
(1089, 3742, 0, '2023-06-01 04:46:16', '2023-06-01 04:46:16'),
(1090, 3743, 0, '2023-06-01 04:46:16', '2023-06-01 04:46:16'),
(1091, 3744, 10, '2023-06-01 04:46:16', '2023-06-20 23:39:45'),
(1092, 3745, 0, '2023-06-01 04:46:16', '2023-06-01 04:46:16'),
(1093, 3746, 0, '2023-06-01 04:46:16', '2023-06-01 04:46:16'),
(1094, 3747, 0, '2023-06-01 04:46:16', '2023-06-01 04:46:16'),
(1095, 3748, 0, '2023-06-01 04:46:16', '2023-06-01 04:46:16'),
(1096, 3749, 0, '2023-06-01 04:46:16', '2023-06-01 04:46:16'),
(1097, 3750, 0, '2023-06-01 04:46:16', '2023-06-01 04:46:16'),
(1098, 3751, 0, '2023-06-01 04:46:16', '2023-06-01 04:46:16'),
(1099, 3752, 0, '2023-06-01 04:46:16', '2023-06-01 04:46:16'),
(1100, 3753, 0, '2023-06-01 04:46:16', '2023-06-01 04:46:16'),
(1101, 3754, 0, '2023-06-01 04:46:16', '2023-06-01 04:46:16'),
(1102, 3755, 0, '2023-06-01 04:46:16', '2023-06-01 04:46:16'),
(1103, 3756, 0, '2023-06-01 04:46:16', '2023-06-01 04:46:16'),
(1104, 3757, 0, '2023-06-01 04:46:16', '2023-06-01 04:46:16'),
(1105, 3758, 0, '2023-06-01 04:46:16', '2023-06-01 04:46:16'),
(1106, 3759, 0, '2023-06-01 04:46:16', '2023-06-01 04:46:16'),
(1107, 3760, 0, '2023-06-01 04:46:16', '2023-06-01 04:46:16'),
(1108, 3761, 0, '2023-06-01 04:46:16', '2023-06-01 04:46:16'),
(1109, 3762, 0, '2023-06-01 04:46:16', '2023-06-01 04:46:16'),
(1110, 3763, 0, '2023-06-01 04:46:16', '2023-06-01 04:46:16'),
(1111, 3764, 0, '2023-06-01 04:46:16', '2023-06-01 04:46:16'),
(1112, 3765, 0, '2023-06-01 04:46:16', '2023-06-01 04:46:16'),
(1113, 3766, 0, '2023-06-01 04:46:16', '2023-06-01 04:46:16'),
(1114, 3767, 0, '2023-06-01 04:46:16', '2023-06-01 04:46:16'),
(1115, 3768, 0, '2023-06-01 04:46:16', '2023-06-01 04:46:16'),
(1116, 3769, 0, '2023-06-01 04:46:16', '2023-06-01 04:46:16'),
(1117, 3770, 0, '2023-06-01 04:46:16', '2023-06-01 04:46:16'),
(1118, 3771, 0, '2023-06-01 04:46:16', '2023-06-01 04:46:16'),
(1119, 3772, 0, '2023-06-01 04:46:16', '2023-06-01 04:46:16'),
(1120, 3773, 0, '2023-06-01 04:46:16', '2023-06-01 04:46:16'),
(1121, 3774, 0, '2023-06-01 04:46:16', '2023-06-01 04:46:16'),
(1122, 3775, 0, '2023-06-01 04:46:16', '2023-06-01 04:46:16'),
(1123, 3776, 0, '2023-06-01 04:46:16', '2023-06-01 04:46:16'),
(1124, 3777, 0, '2023-06-01 04:46:16', '2023-06-01 04:46:16'),
(1125, 3778, 0, '2023-06-01 04:46:16', '2023-06-01 04:46:16'),
(1126, 3779, 0, '2023-06-01 04:46:16', '2023-06-01 04:46:16'),
(1127, 3780, 0, '2023-06-01 04:46:16', '2023-06-01 04:46:16'),
(1128, 3781, 0, '2023-06-01 04:46:16', '2023-06-01 04:46:16'),
(1129, 3782, 0, '2023-06-01 04:46:16', '2023-06-01 04:46:16'),
(1130, 3783, 0, '2023-06-01 04:46:16', '2023-06-01 04:46:16'),
(1131, 3784, 0, '2023-06-01 04:46:16', '2023-06-01 04:46:16'),
(1132, 3785, 0, '2023-06-01 04:46:16', '2023-06-01 04:46:16'),
(1133, 3786, 0, '2023-06-01 04:46:16', '2023-06-01 04:46:16'),
(1134, 3787, 0, '2023-06-01 04:46:16', '2023-06-01 04:46:16'),
(1135, 3788, 0, '2023-06-01 04:46:16', '2023-06-01 04:46:16'),
(1136, 3789, 0, '2023-06-01 04:46:16', '2023-06-01 04:46:16'),
(1137, 3790, 0, '2023-06-01 04:46:16', '2023-06-01 04:46:16'),
(1138, 3791, 0, '2023-06-01 04:46:16', '2023-06-01 04:46:16'),
(1139, 3792, 0, '2023-06-01 04:46:16', '2023-06-01 04:46:16'),
(1140, 3793, 0, '2023-06-01 04:46:16', '2023-06-01 04:46:16'),
(1141, 3794, 0, '2023-06-01 04:46:16', '2023-06-01 04:46:16'),
(1142, 3795, 0, '2023-06-01 04:46:16', '2023-06-01 04:46:16'),
(1143, 3796, 0, '2023-06-01 04:46:16', '2023-06-01 04:46:16'),
(1144, 3797, 0, '2023-06-01 04:46:16', '2023-06-01 04:46:16'),
(1145, 3798, 0, '2023-06-01 04:46:16', '2023-06-01 04:46:16'),
(1146, 3799, 0, '2023-06-01 04:46:16', '2023-06-01 04:46:16'),
(1147, 3800, 0, '2023-06-01 04:46:16', '2023-06-01 04:46:16'),
(1148, 3801, 0, '2023-06-01 04:46:16', '2023-06-01 04:46:16'),
(1149, 3802, 0, '2023-06-01 04:46:16', '2023-06-01 04:46:16'),
(1150, 3803, 0, '2023-06-01 04:46:16', '2023-06-01 04:46:16'),
(1151, 3804, 0, '2023-06-01 04:46:16', '2023-06-01 04:46:16'),
(1152, 3805, 0, '2023-06-01 04:46:16', '2023-06-01 04:46:16'),
(1153, 3806, 0, '2023-06-01 04:46:16', '2023-06-01 04:46:16'),
(1154, 3807, 0, '2023-06-01 04:46:16', '2023-06-01 04:46:16'),
(1155, 3808, 0, '2023-06-01 04:46:16', '2023-06-01 04:46:16'),
(1156, 3809, 0, '2023-06-01 04:46:16', '2023-06-01 04:46:16'),
(1157, 3810, 0, '2023-06-01 04:46:16', '2023-06-01 04:46:16'),
(1158, 3811, 0, '2023-06-01 04:46:16', '2023-06-01 04:46:16'),
(1159, 3812, 0, '2023-06-01 04:46:16', '2023-06-01 04:46:16'),
(1160, 3813, 0, '2023-06-01 04:46:16', '2023-06-01 04:46:16'),
(1161, 3814, 0, '2023-06-01 04:46:16', '2023-06-01 04:46:16'),
(1162, 3815, 0, '2023-06-01 04:46:16', '2023-06-01 04:46:16'),
(1163, 3816, 0, '2023-06-01 04:46:16', '2023-06-01 04:46:16'),
(1164, 3817, 0, '2023-06-01 04:46:16', '2023-06-01 04:46:16'),
(1165, 3818, 0, '2023-06-01 04:46:16', '2023-06-01 04:46:16'),
(1166, 3819, 0, '2023-06-01 04:46:16', '2023-06-01 04:46:16'),
(1167, 3820, 0, '2023-06-01 04:46:16', '2023-06-01 04:46:16'),
(1168, 3821, 0, '2023-06-01 04:46:16', '2023-06-01 04:46:16'),
(1169, 3822, 0, '2023-06-01 04:46:16', '2023-06-01 04:46:16'),
(1170, 3823, 0, '2023-06-01 04:46:16', '2023-06-01 04:46:16'),
(1171, 3824, 0, '2023-06-01 04:46:16', '2023-06-01 04:46:16'),
(1172, 3825, 0, '2023-06-01 04:46:16', '2023-06-01 04:46:16'),
(1173, 3826, 0, '2023-06-01 04:46:16', '2023-06-01 04:46:16'),
(1174, 3827, 0, '2023-06-01 04:46:16', '2023-06-01 04:46:16'),
(1175, 3828, 0, '2023-06-01 04:46:16', '2023-06-01 04:46:16'),
(1176, 3829, 0, '2023-06-01 04:46:16', '2023-06-01 04:46:16'),
(1177, 3830, 0, '2023-06-01 04:46:16', '2023-06-01 04:46:16'),
(1178, 3831, 0, '2023-06-01 04:46:16', '2023-06-01 04:46:16'),
(1179, 3832, 0, '2023-06-01 04:46:16', '2023-06-01 04:46:16'),
(1180, 3833, 0, '2023-06-01 04:46:16', '2023-06-01 04:46:16'),
(1181, 3834, 0, '2023-06-01 04:46:16', '2023-06-01 04:46:16'),
(1182, 3835, 0, '2023-06-01 04:46:16', '2023-06-01 04:46:16'),
(1183, 3836, 0, '2023-06-01 04:46:16', '2023-06-01 04:46:16'),
(1184, 3837, 0, '2023-06-01 04:46:16', '2023-06-01 04:46:16'),
(1185, 3838, 0, '2023-06-01 04:46:16', '2023-06-01 04:46:16'),
(1186, 3839, 0, '2023-06-01 04:46:16', '2023-06-01 04:46:16'),
(1187, 3840, 0, '2023-06-01 04:46:16', '2023-06-01 04:46:16'),
(1188, 3841, 0, '2023-06-01 04:46:16', '2023-06-01 04:46:16'),
(1189, 3842, 0, '2023-06-01 04:46:16', '2023-06-01 04:46:16'),
(1190, 3843, 0, '2023-06-01 04:46:16', '2023-06-01 04:46:16'),
(1191, 3844, 0, '2023-06-01 04:46:16', '2023-06-01 04:46:16'),
(1192, 3845, 0, '2023-06-01 04:46:16', '2023-06-01 04:46:16'),
(1193, 3846, 0, '2023-06-01 04:46:16', '2023-06-01 04:46:16'),
(1194, 3847, 0, '2023-06-01 04:46:16', '2023-06-01 04:46:16'),
(1195, 3848, 0, '2023-06-01 04:46:16', '2023-06-01 04:46:16'),
(1196, 3849, 0, '2023-06-01 04:46:16', '2023-06-01 04:46:16'),
(1197, 3850, 0, '2023-06-01 04:46:16', '2023-06-01 04:46:16'),
(1198, 3851, 0, '2023-06-01 04:46:16', '2023-06-01 04:46:16'),
(1199, 3852, 0, '2023-06-01 04:46:16', '2023-06-01 04:46:16'),
(1200, 3853, 0, '2023-06-01 04:46:16', '2023-06-01 04:46:16'),
(1201, 3854, 0, '2023-06-01 04:46:16', '2023-06-01 04:46:16'),
(1202, 3855, 0, '2023-06-01 04:46:16', '2023-06-01 04:46:16'),
(1203, 3856, 0, '2023-06-01 04:46:16', '2023-06-01 04:46:16'),
(1204, 3857, 0, '2023-06-01 04:46:16', '2023-06-01 04:46:16'),
(1205, 3858, 0, '2023-06-01 04:46:16', '2023-06-01 04:46:16'),
(1206, 3859, 0, '2023-06-01 04:46:16', '2023-06-01 04:46:16'),
(1207, 3860, 0, '2023-06-01 04:46:16', '2023-06-01 04:46:16'),
(1208, 3861, 0, '2023-06-01 04:46:16', '2023-06-01 04:46:16'),
(1209, 3862, 0, '2023-06-01 04:46:16', '2023-06-01 04:46:16'),
(1210, 3863, 0, '2023-06-01 04:46:16', '2023-06-01 04:46:16'),
(1211, 3864, 0, '2023-06-01 04:46:16', '2023-06-01 04:46:16'),
(1212, 3865, 0, '2023-06-01 04:46:16', '2023-06-01 04:46:16'),
(1213, 3866, 0, '2023-06-01 04:46:16', '2023-06-01 04:46:16'),
(1214, 3867, 0, '2023-06-01 04:46:16', '2023-06-01 04:46:16'),
(1215, 3868, 0, '2023-06-01 04:46:16', '2023-06-01 04:46:16'),
(1216, 3869, 0, '2023-06-01 04:46:16', '2023-06-01 04:46:16'),
(1217, 3870, 0, '2023-06-01 04:46:16', '2023-06-01 04:46:16'),
(1218, 3871, 0, '2023-06-01 04:46:16', '2023-06-01 04:46:16'),
(1219, 3872, 0, '2023-06-01 04:46:16', '2023-06-01 04:46:16'),
(1220, 3873, 0, '2023-06-01 04:46:16', '2023-06-01 04:46:16'),
(1221, 3874, 0, '2023-06-01 04:46:16', '2023-06-01 04:46:16'),
(1222, 3875, 0, '2023-06-01 04:46:16', '2023-06-01 04:46:16'),
(1223, 3876, 0, '2023-06-01 04:46:16', '2023-06-01 04:46:16'),
(1224, 3877, 0, '2023-06-01 04:46:16', '2023-06-01 04:46:16'),
(1225, 3878, 0, '2023-06-01 04:46:16', '2023-06-01 04:46:16'),
(1226, 3879, 0, '2023-06-01 04:46:16', '2023-06-01 04:46:16'),
(1227, 3880, 0, '2023-06-01 04:46:16', '2023-06-01 04:46:16'),
(1228, 3881, 0, '2023-06-01 04:46:16', '2023-06-01 04:46:16'),
(1229, 3882, 0, '2023-06-01 04:46:16', '2023-06-01 04:46:16'),
(1230, 3883, 0, '2023-06-01 04:46:16', '2023-06-01 04:46:16'),
(1231, 3884, 0, '2023-06-01 04:46:16', '2023-06-01 04:46:16'),
(1232, 3885, 0, '2023-06-01 04:46:16', '2023-06-01 04:46:16'),
(1233, 3886, 0, '2023-06-01 04:46:16', '2023-06-01 04:46:16'),
(1234, 3887, 0, '2023-06-01 04:46:16', '2023-06-01 04:46:16'),
(1235, 3888, 0, '2023-06-01 04:46:16', '2023-06-01 04:46:16'),
(1236, 3889, 0, '2023-06-01 04:46:16', '2023-06-01 04:46:16'),
(1237, 3890, 0, '2023-06-01 04:46:16', '2023-06-01 04:46:16'),
(1238, 3891, 0, '2023-06-01 04:46:16', '2023-06-01 04:46:16'),
(1239, 3892, 0, '2023-06-01 04:46:16', '2023-06-01 04:46:16'),
(1240, 3893, 0, '2023-06-01 04:46:16', '2023-06-01 04:46:16'),
(1241, 3894, 0, '2023-06-01 04:46:16', '2023-06-01 04:46:16'),
(1242, 3895, 0, '2023-06-01 04:46:16', '2023-06-01 04:46:16'),
(1243, 3896, 0, '2023-06-01 04:46:16', '2023-06-01 04:46:16'),
(1244, 3897, 0, '2023-06-01 04:46:16', '2023-06-01 04:46:16'),
(1245, 3898, 0, '2023-06-01 04:46:16', '2023-06-01 04:46:16'),
(1246, 3899, 0, '2023-06-01 04:46:16', '2023-06-01 04:46:16'),
(1247, 3900, 0, '2023-06-01 04:46:16', '2023-06-01 04:46:16'),
(1248, 3901, 0, '2023-06-01 04:46:16', '2023-06-01 04:46:16'),
(1249, 3902, 0, '2023-06-01 04:46:16', '2023-06-01 04:46:16'),
(1250, 3903, 0, '2023-06-01 04:46:16', '2023-06-01 04:46:16'),
(1251, 3904, 0, '2023-06-01 04:46:16', '2023-06-01 04:46:16'),
(1252, 3905, 0, '2023-06-01 04:46:16', '2023-06-01 04:46:16'),
(1253, 3906, 0, '2023-06-01 04:46:16', '2023-06-01 04:46:16'),
(1254, 3907, 0, '2023-06-01 04:46:16', '2023-06-01 04:46:16'),
(1255, 3908, 0, '2023-06-01 04:46:16', '2023-06-01 04:46:16'),
(1256, 3909, 0, '2023-06-01 04:46:16', '2023-06-01 04:46:16'),
(1257, 3910, 0, '2023-06-01 04:46:16', '2023-06-01 04:46:16');

-- --------------------------------------------------------

--
-- Estructura de tabla para la tabla `detalle_compras`
--

CREATE TABLE `detalle_compras` (
  `id` bigint(20) UNSIGNED NOT NULL,
  `compra_id` bigint(20) UNSIGNED NOT NULL,
  `producto_id` bigint(20) UNSIGNED NOT NULL,
  `cantidad` int(11) NOT NULL,
  `total_compra` float(10,2) NOT NULL,
  `created_at` timestamp NULL DEFAULT NULL,
  `updated_at` timestamp NULL DEFAULT NULL
) ENGINE=InnoDB DEFAULT CHARSET=utf8mb4 COLLATE=utf8mb4_unicode_ci;

--
-- Volcado de datos para la tabla `detalle_compras`
--

INSERT INTO `detalle_compras` (`id`, `compra_id`, `producto_id`, `cantidad`, `total_compra`, `created_at`, `updated_at`) VALUES
(154, 149, 3614, 10, 1300.00, '2023-06-20 23:28:15', '2023-06-20 23:28:15'),
(155, 149, 3615, 10, 22900.00, '2023-06-20 23:28:15', '2023-06-20 23:28:15'),
(156, 149, 3616, 10, 33900.00, '2023-06-20 23:28:15', '2023-06-20 23:28:15'),
(157, 149, 3617, 10, 17900.00, '2023-06-20 23:28:15', '2023-06-20 23:28:15'),
(158, 150, 3744, 10, 24050.00, '2023-06-20 23:39:45', '2023-06-20 23:39:45'),
(159, 150, 3622, 10, 27900.00, '2023-06-20 23:39:45', '2023-06-20 23:39:45');

-- --------------------------------------------------------

--
-- Estructura de tabla para la tabla `doc_almacenes`
--

CREATE TABLE `doc_almacenes` (
  `id` bigint(20) UNSIGNED NOT NULL,
  `almacen_id` bigint(20) UNSIGNED NOT NULL,
  `documento` varchar(255) NOT NULL,
  `serie` varchar(255) NOT NULL,
  `cantidad` varchar(255) NOT NULL,
  `created_at` timestamp NULL DEFAULT NULL,
  `updated_at` timestamp NULL DEFAULT NULL
) ENGINE=InnoDB DEFAULT CHARSET=utf8mb4 COLLATE=utf8mb4_unicode_ci;

--
-- Volcado de datos para la tabla `doc_almacenes`
--

INSERT INTO `doc_almacenes` (`id`, `almacen_id`, `documento`, `serie`, `cantidad`, `created_at`, `updated_at`) VALUES
(1, 4, 'Boleta', 'B', '00000001', '2023-05-01 03:34:01', '2023-06-22 21:33:20'),
(3, 4, 'Factura', 'F', '00000001', '2023-05-01 03:42:03', '2023-05-01 03:42:03'),
(4, 1, 'Boleta', 'B', '00000001', '2023-05-01 03:49:24', '2023-05-01 03:49:24'),
(5, 1, 'Factura', 'F', '00000001', '2023-05-01 03:49:45', '2023-05-01 03:49:45'),
(6, 3, 'Boleta', 'B', '00000001', '2023-05-01 03:50:39', '2023-05-01 03:50:39'),
(8, 3, 'Factura', 'F', '00000001', '2023-05-12 01:59:37', '2023-05-12 01:59:37');

-- --------------------------------------------------------

--
-- Estructura de tabla para la tabla `empleados`
--

CREATE TABLE `empleados` (
  `id` bigint(20) NOT NULL,
  `rut` varchar(12) NOT NULL,
  `nombres` varchar(255) NOT NULL,
  `apellidos` varchar(255) NOT NULL,
  `telefono` int(9) NOT NULL,
  `direccion` varchar(255) NOT NULL,
  `email` varchar(50) NOT NULL,
  `created_at` timestamp NULL DEFAULT NULL,
  `updated_at` timestamp NULL DEFAULT NULL
) ENGINE=InnoDB DEFAULT CHARSET=utf8mb4 COLLATE=utf8mb4_general_ci;

--
-- Volcado de datos para la tabla `empleados`
--

INSERT INTO `empleados` (`id`, `rut`, `nombres`, `apellidos`, `telefono`, `direccion`, `email`, `created_at`, `updated_at`) VALUES
(1, '16.384.716-7', 'Felipe Alfredo', 'López Oñate', 931194826, 'Los Aromos 1340, Casa 13, Villa Alemana', 'felipe.lopez.o@gmail.com', '2023-05-01 04:32:41', '2023-05-01 04:37:09');

-- --------------------------------------------------------

--
-- Estructura de tabla para la tabla `empresas`
--

CREATE TABLE `empresas` (
  `id` bigint(20) UNSIGNED NOT NULL,
  `rut` varchar(255) NOT NULL,
  `razon_social` varchar(255) NOT NULL,
  `direccion` varchar(255) NOT NULL,
  `email` varchar(255) NOT NULL,
  `iva` double(8,2) NOT NULL,
  `created_at` timestamp NULL DEFAULT NULL,
  `updated_at` timestamp NULL DEFAULT NULL
) ENGINE=InnoDB DEFAULT CHARSET=utf8mb4 COLLATE=utf8mb4_unicode_ci;

--
-- Volcado de datos para la tabla `empresas`
--

INSERT INTO `empresas` (`id`, `rut`, `razon_social`, `direccion`, `email`, `iva`, `created_at`, `updated_at`) VALUES
(1, '76799952-6', 'Comercializadora Felipe Lopez Oñate EIRL', 'Lautaro 20, Villa Alemana', 'contacto@hiperpanal.cl', 1.19, '2023-04-27 00:21:24', '2023-06-09 00:19:51'),
(4, '76965381-3', 'Comercializadora Felipe Lopez Oñate EIRL', 'Los Carreras 1645, Quilpue', 'contacto@hiperpanal.cl', 1.19, '2023-04-27 00:29:33', '2023-06-09 00:19:59');

-- --------------------------------------------------------

--
-- Estructura de tabla para la tabla `failed_jobs`
--

CREATE TABLE `failed_jobs` (
  `id` bigint(20) UNSIGNED NOT NULL,
  `uuid` varchar(255) NOT NULL,
  `connection` text NOT NULL,
  `queue` text NOT NULL,
  `payload` longtext NOT NULL,
  `exception` longtext NOT NULL,
  `failed_at` timestamp NOT NULL DEFAULT current_timestamp()
) ENGINE=InnoDB DEFAULT CHARSET=utf8mb4 COLLATE=utf8mb4_unicode_ci;

-- --------------------------------------------------------

--
-- Estructura de tabla para la tabla `historiales`
--

CREATE TABLE `historiales` (
  `id` bigint(20) UNSIGNED NOT NULL,
  `producto_id` bigint(20) UNSIGNED NOT NULL,
  `usuario_id` bigint(20) UNSIGNED NOT NULL,
  `almacen_id` bigint(20) UNSIGNED NOT NULL,
  `motivo` varchar(255) NOT NULL,
  `stock` int(11) NOT NULL,
  `tipo` varchar(255) NOT NULL,
  `estado` int(11) NOT NULL,
  `stock_antiguo` int(11) NOT NULL,
  `stock_nuevo` int(11) NOT NULL,
  `fecha_registro` time NOT NULL,
  `created_at` timestamp NULL DEFAULT NULL,
  `updated_at` timestamp NULL DEFAULT NULL
) ENGINE=InnoDB DEFAULT CHARSET=utf8mb4 COLLATE=utf8mb4_unicode_ci;

-- --------------------------------------------------------

--
-- Estructura de tabla para la tabla `inventarios`
--

CREATE TABLE `inventarios` (
  `id` bigint(20) UNSIGNED NOT NULL,
  `almacen_id` bigint(20) UNSIGNED NOT NULL,
  `producto_id` bigint(20) UNSIGNED NOT NULL,
  `usuario_id` bigint(20) UNSIGNED NOT NULL,
  `stock` int(11) NOT NULL,
  `stock_minimo` int(11) NOT NULL,
  `created_at` timestamp NULL DEFAULT NULL,
  `updated_at` timestamp NULL DEFAULT NULL
) ENGINE=InnoDB DEFAULT CHARSET=utf8mb4 COLLATE=utf8mb4_unicode_ci;

--
-- Volcado de datos para la tabla `inventarios`
--

INSERT INTO `inventarios` (`id`, `almacen_id`, `producto_id`, `usuario_id`, `stock`, `stock_minimo`, `created_at`, `updated_at`) VALUES
(2391, 1, 3614, 1, 0, 0, '2023-06-01 04:46:27', '2023-06-01 04:46:27'),
(2392, 1, 3615, 1, 0, 0, '2023-06-01 04:46:27', '2023-06-01 04:46:27'),
(2393, 1, 3616, 1, 0, 0, '2023-06-01 04:46:27', '2023-06-01 04:46:27'),
(2394, 1, 3617, 1, 0, 0, '2023-06-01 04:46:27', '2023-06-01 04:46:27'),
(2395, 1, 3618, 1, 0, 0, '2023-06-01 04:46:27', '2023-06-01 04:46:27'),
(2396, 1, 3619, 1, 0, 0, '2023-06-01 04:46:27', '2023-06-01 04:46:27'),
(2397, 1, 3620, 1, 0, 0, '2023-06-01 04:46:27', '2023-06-01 04:46:27'),
(2398, 1, 3621, 1, 0, 0, '2023-06-01 04:46:27', '2023-06-01 04:46:27'),
(2399, 1, 3622, 1, 1, 0, '2023-06-01 04:46:27', '2023-06-20 21:50:05'),
(2400, 1, 3623, 1, 0, 0, '2023-06-01 04:46:27', '2023-06-01 04:46:27'),
(2401, 1, 3624, 1, 0, 0, '2023-06-01 04:46:27', '2023-06-01 04:46:27'),
(2402, 1, 3625, 1, 0, 0, '2023-06-01 04:46:27', '2023-06-01 04:46:27'),
(2403, 1, 3626, 1, 0, 0, '2023-06-01 04:46:27', '2023-06-01 04:46:27'),
(2404, 1, 3627, 1, 0, 0, '2023-06-01 04:46:27', '2023-06-01 04:46:27'),
(2405, 1, 3628, 1, 0, 0, '2023-06-01 04:46:27', '2023-06-01 04:46:27'),
(2406, 1, 3629, 1, 0, 0, '2023-06-01 04:46:27', '2023-06-01 04:46:27'),
(2407, 1, 3630, 1, 0, 0, '2023-06-01 04:46:27', '2023-06-01 04:46:27'),
(2408, 1, 3631, 1, 0, 0, '2023-06-01 04:46:27', '2023-06-01 04:46:27'),
(2409, 1, 3632, 1, 0, 0, '2023-06-01 04:46:27', '2023-06-01 04:46:27'),
(2410, 1, 3633, 1, 0, 0, '2023-06-01 04:46:27', '2023-06-01 04:46:27'),
(2411, 1, 3634, 1, 0, 0, '2023-06-01 04:46:27', '2023-06-01 04:46:27'),
(2412, 1, 3635, 1, 0, 0, '2023-06-01 04:46:27', '2023-06-01 04:46:27'),
(2413, 1, 3636, 1, 0, 0, '2023-06-01 04:46:27', '2023-06-01 04:46:27'),
(2414, 1, 3637, 1, 0, 0, '2023-06-01 04:46:27', '2023-06-01 04:46:27'),
(2415, 1, 3638, 1, 0, 0, '2023-06-01 04:46:27', '2023-06-01 04:46:27'),
(2416, 1, 3639, 1, 0, 0, '2023-06-01 04:46:27', '2023-06-01 04:46:27'),
(2417, 1, 3640, 1, 0, 0, '2023-06-01 04:46:27', '2023-06-01 04:46:27'),
(2418, 1, 3641, 1, 0, 0, '2023-06-01 04:46:27', '2023-06-01 04:46:27'),
(2419, 1, 3642, 1, 0, 0, '2023-06-01 04:46:27', '2023-06-01 04:46:27'),
(2420, 1, 3643, 1, 0, 0, '2023-06-01 04:46:27', '2023-06-01 04:46:27'),
(2421, 1, 3644, 1, 0, 0, '2023-06-01 04:46:27', '2023-06-01 04:46:27'),
(2422, 1, 3645, 1, 0, 0, '2023-06-01 04:46:27', '2023-06-01 04:46:27'),
(2423, 1, 3646, 1, 0, 0, '2023-06-01 04:46:27', '2023-06-01 04:46:27'),
(2424, 1, 3647, 1, 0, 0, '2023-06-01 04:46:27', '2023-06-01 04:46:27'),
(2425, 1, 3648, 1, 0, 0, '2023-06-01 04:46:27', '2023-06-01 04:46:27'),
(2426, 1, 3649, 1, 0, 0, '2023-06-01 04:46:27', '2023-06-01 04:46:27'),
(2427, 1, 3650, 1, 0, 0, '2023-06-01 04:46:27', '2023-06-01 04:46:27'),
(2428, 1, 3651, 1, 0, 0, '2023-06-01 04:46:27', '2023-06-01 04:46:27'),
(2429, 1, 3652, 1, 0, 0, '2023-06-01 04:46:27', '2023-06-01 04:46:27'),
(2430, 1, 3653, 1, 0, 0, '2023-06-01 04:46:27', '2023-06-01 04:46:27'),
(2431, 1, 3654, 1, 0, 0, '2023-06-01 04:46:27', '2023-06-01 04:46:27'),
(2432, 1, 3655, 1, 0, 0, '2023-06-01 04:46:27', '2023-06-01 04:46:27'),
(2433, 1, 3656, 1, 0, 0, '2023-06-01 04:46:27', '2023-06-01 04:46:27'),
(2434, 1, 3657, 1, 0, 0, '2023-06-01 04:46:27', '2023-06-01 04:46:27'),
(2435, 1, 3658, 1, 0, 0, '2023-06-01 04:46:27', '2023-06-01 04:46:27'),
(2436, 1, 3659, 1, 0, 0, '2023-06-01 04:46:27', '2023-06-01 04:46:27'),
(2437, 1, 3660, 1, 0, 0, '2023-06-01 04:46:27', '2023-06-01 04:46:27'),
(2438, 1, 3661, 1, 0, 0, '2023-06-01 04:46:27', '2023-06-01 04:46:27'),
(2439, 1, 3662, 1, 0, 0, '2023-06-01 04:46:27', '2023-06-01 04:46:27'),
(2440, 1, 3663, 1, 0, 0, '2023-06-01 04:46:27', '2023-06-01 04:46:27'),
(2441, 1, 3664, 1, 0, 0, '2023-06-01 04:46:27', '2023-06-01 04:46:27'),
(2442, 1, 3665, 1, 0, 0, '2023-06-01 04:46:27', '2023-06-01 04:46:27'),
(2443, 1, 3666, 1, 0, 0, '2023-06-01 04:46:27', '2023-06-01 04:46:27'),
(2444, 1, 3667, 1, 0, 0, '2023-06-01 04:46:27', '2023-06-01 04:46:27'),
(2445, 1, 3668, 1, 0, 0, '2023-06-01 04:46:27', '2023-06-01 04:46:27'),
(2446, 1, 3669, 1, 0, 0, '2023-06-01 04:46:27', '2023-06-01 04:46:27'),
(2447, 1, 3670, 1, 0, 0, '2023-06-01 04:46:27', '2023-06-01 04:46:27'),
(2448, 1, 3671, 1, 0, 0, '2023-06-01 04:46:27', '2023-06-01 04:46:27'),
(2449, 1, 3672, 1, 0, 0, '2023-06-01 04:46:27', '2023-06-01 04:46:27'),
(2450, 1, 3673, 1, 0, 0, '2023-06-01 04:46:27', '2023-06-01 04:46:27'),
(2451, 1, 3674, 1, 0, 0, '2023-06-01 04:46:27', '2023-06-01 04:46:27'),
(2452, 1, 3675, 1, 0, 0, '2023-06-01 04:46:27', '2023-06-01 04:46:27'),
(2453, 1, 3676, 1, 0, 0, '2023-06-01 04:46:27', '2023-06-01 04:46:27'),
(2454, 1, 3677, 1, 0, 0, '2023-06-01 04:46:27', '2023-06-01 04:46:27'),
(2455, 1, 3678, 1, 0, 0, '2023-06-01 04:46:27', '2023-06-01 04:46:27'),
(2456, 1, 3679, 1, 0, 0, '2023-06-01 04:46:27', '2023-06-01 04:46:27'),
(2457, 1, 3680, 1, 0, 0, '2023-06-01 04:46:27', '2023-06-01 04:46:27'),
(2458, 1, 3681, 1, 0, 0, '2023-06-01 04:46:27', '2023-06-01 04:46:27'),
(2459, 1, 3682, 1, 0, 0, '2023-06-01 04:46:27', '2023-06-01 04:46:27'),
(2460, 1, 3683, 1, 0, 0, '2023-06-01 04:46:27', '2023-06-01 04:46:27'),
(2461, 1, 3684, 1, 0, 0, '2023-06-01 04:46:27', '2023-06-01 04:46:27'),
(2462, 1, 3685, 1, 0, 0, '2023-06-01 04:46:27', '2023-06-01 04:46:27'),
(2463, 1, 3686, 1, 0, 0, '2023-06-01 04:46:27', '2023-06-01 04:46:27'),
(2464, 1, 3687, 1, 0, 0, '2023-06-01 04:46:27', '2023-06-01 04:46:27'),
(2465, 1, 3688, 1, 0, 0, '2023-06-01 04:46:27', '2023-06-01 04:46:27'),
(2466, 1, 3689, 1, 0, 0, '2023-06-01 04:46:27', '2023-06-01 04:46:27'),
(2467, 1, 3690, 1, 0, 0, '2023-06-01 04:46:27', '2023-06-01 04:46:27'),
(2468, 1, 3691, 1, 0, 0, '2023-06-01 04:46:27', '2023-06-01 04:46:27'),
(2469, 1, 3692, 1, 0, 0, '2023-06-01 04:46:27', '2023-06-01 04:46:27'),
(2470, 1, 3693, 1, 0, 0, '2023-06-01 04:46:27', '2023-06-01 04:46:27'),
(2471, 1, 3694, 1, 0, 0, '2023-06-01 04:46:27', '2023-06-01 04:46:27'),
(2472, 1, 3695, 1, 0, 0, '2023-06-01 04:46:27', '2023-06-01 04:46:27'),
(2473, 1, 3696, 1, 0, 0, '2023-06-01 04:46:27', '2023-06-01 04:46:27'),
(2474, 1, 3697, 1, 0, 0, '2023-06-01 04:46:27', '2023-06-01 04:46:27'),
(2475, 1, 3698, 1, 0, 0, '2023-06-01 04:46:27', '2023-06-01 04:46:27'),
(2476, 1, 3699, 1, 0, 0, '2023-06-01 04:46:27', '2023-06-01 04:46:27'),
(2477, 1, 3700, 1, 0, 0, '2023-06-01 04:46:27', '2023-06-01 04:46:27'),
(2478, 1, 3701, 1, 0, 0, '2023-06-01 04:46:27', '2023-06-01 04:46:27'),
(2479, 1, 3702, 1, 0, 0, '2023-06-01 04:46:27', '2023-06-01 04:46:27'),
(2480, 1, 3703, 1, 0, 0, '2023-06-01 04:46:27', '2023-06-01 04:46:27'),
(2481, 1, 3704, 1, 0, 0, '2023-06-01 04:46:27', '2023-06-01 04:46:27'),
(2482, 1, 3705, 1, 0, 0, '2023-06-01 04:46:27', '2023-06-01 04:46:27'),
(2483, 1, 3706, 1, 0, 0, '2023-06-01 04:46:27', '2023-06-01 04:46:27'),
(2484, 1, 3707, 1, 0, 0, '2023-06-01 04:46:27', '2023-06-01 04:46:27'),
(2485, 1, 3708, 1, 0, 0, '2023-06-01 04:46:27', '2023-06-01 04:46:27'),
(2486, 1, 3709, 1, 0, 0, '2023-06-01 04:46:27', '2023-06-01 04:46:27'),
(2487, 1, 3710, 1, 0, 0, '2023-06-01 04:46:27', '2023-06-01 04:46:27'),
(2488, 1, 3711, 1, 0, 0, '2023-06-01 04:46:27', '2023-06-01 04:46:27'),
(2489, 1, 3712, 1, 0, 0, '2023-06-01 04:46:27', '2023-06-01 04:46:27'),
(2490, 1, 3713, 1, 0, 0, '2023-06-01 04:46:27', '2023-06-01 04:46:27'),
(2491, 1, 3714, 1, 0, 0, '2023-06-01 04:46:28', '2023-06-01 04:46:28'),
(2492, 1, 3715, 1, 0, 0, '2023-06-01 04:46:28', '2023-06-01 04:46:28'),
(2493, 1, 3716, 1, 0, 0, '2023-06-01 04:46:28', '2023-06-01 04:46:28'),
(2494, 1, 3717, 1, 0, 0, '2023-06-01 04:46:28', '2023-06-01 04:46:28'),
(2495, 1, 3718, 1, 0, 0, '2023-06-01 04:46:28', '2023-06-01 04:46:28'),
(2496, 1, 3719, 1, 0, 0, '2023-06-01 04:46:28', '2023-06-01 04:46:28'),
(2497, 1, 3720, 1, 0, 0, '2023-06-01 04:46:28', '2023-06-01 04:46:28'),
(2498, 1, 3721, 1, 0, 0, '2023-06-01 04:46:28', '2023-06-01 04:46:28'),
(2499, 1, 3722, 1, 0, 0, '2023-06-01 04:46:28', '2023-06-01 04:46:28'),
(2500, 1, 3723, 1, 0, 0, '2023-06-01 04:46:28', '2023-06-01 04:46:28'),
(2501, 1, 3724, 1, 0, 0, '2023-06-01 04:46:28', '2023-06-01 04:46:28'),
(2502, 1, 3725, 1, 0, 0, '2023-06-01 04:46:28', '2023-06-01 04:46:28'),
(2503, 1, 3726, 1, 0, 0, '2023-06-01 04:46:28', '2023-06-01 04:46:28'),
(2504, 1, 3727, 1, 0, 0, '2023-06-01 04:46:28', '2023-06-01 04:46:28'),
(2505, 1, 3728, 1, 0, 0, '2023-06-01 04:46:28', '2023-06-01 04:46:28'),
(2506, 1, 3729, 1, 0, 0, '2023-06-01 04:46:28', '2023-06-01 04:46:28'),
(2507, 1, 3730, 1, 0, 0, '2023-06-01 04:46:28', '2023-06-01 04:46:28'),
(2508, 1, 3731, 1, 0, 0, '2023-06-01 04:46:28', '2023-06-01 04:46:28'),
(2509, 1, 3732, 1, 0, 0, '2023-06-01 04:46:28', '2023-06-01 04:46:28'),
(2510, 1, 3733, 1, 0, 0, '2023-06-01 04:46:28', '2023-06-01 04:46:28'),
(2511, 1, 3734, 1, 0, 0, '2023-06-01 04:46:28', '2023-06-01 04:46:28'),
(2512, 1, 3735, 1, 0, 0, '2023-06-01 04:46:28', '2023-06-01 04:46:28'),
(2513, 1, 3736, 1, 0, 0, '2023-06-01 04:46:28', '2023-06-01 04:46:28'),
(2514, 1, 3737, 1, 0, 0, '2023-06-01 04:46:28', '2023-06-01 04:46:28'),
(2515, 1, 3738, 1, 0, 0, '2023-06-01 04:46:28', '2023-06-01 04:46:28'),
(2516, 1, 3739, 1, 0, 0, '2023-06-01 04:46:28', '2023-06-01 04:46:28'),
(2517, 1, 3740, 1, 0, 0, '2023-06-01 04:46:28', '2023-06-01 04:46:28'),
(2518, 1, 3741, 1, 0, 0, '2023-06-01 04:46:28', '2023-06-01 04:46:28'),
(2519, 1, 3742, 1, 0, 0, '2023-06-01 04:46:28', '2023-06-01 04:46:28'),
(2520, 1, 3743, 1, 0, 0, '2023-06-01 04:46:28', '2023-06-01 04:46:28'),
(2521, 1, 3744, 1, 0, 0, '2023-06-01 04:46:28', '2023-06-01 04:46:28'),
(2522, 1, 3745, 1, 0, 0, '2023-06-01 04:46:28', '2023-06-01 04:46:28'),
(2523, 1, 3746, 1, 0, 0, '2023-06-01 04:46:28', '2023-06-01 04:46:28'),
(2524, 1, 3747, 1, 0, 0, '2023-06-01 04:46:28', '2023-06-01 04:46:28'),
(2525, 1, 3748, 1, 0, 0, '2023-06-01 04:46:28', '2023-06-01 04:46:28'),
(2526, 1, 3749, 1, 0, 0, '2023-06-01 04:46:28', '2023-06-01 04:46:28'),
(2527, 1, 3750, 1, 0, 0, '2023-06-01 04:46:28', '2023-06-01 04:46:28'),
(2528, 1, 3751, 1, 0, 0, '2023-06-01 04:46:28', '2023-06-01 04:46:28'),
(2529, 1, 3752, 1, 0, 0, '2023-06-01 04:46:28', '2023-06-01 04:46:28'),
(2530, 1, 3753, 1, 0, 0, '2023-06-01 04:46:28', '2023-06-01 04:46:28'),
(2531, 1, 3754, 1, 0, 0, '2023-06-01 04:46:28', '2023-06-01 04:46:28'),
(2532, 1, 3755, 1, 0, 0, '2023-06-01 04:46:28', '2023-06-01 04:46:28'),
(2533, 1, 3756, 1, 0, 0, '2023-06-01 04:46:28', '2023-06-01 04:46:28'),
(2534, 1, 3757, 1, 0, 0, '2023-06-01 04:46:28', '2023-06-01 04:46:28'),
(2535, 1, 3758, 1, 0, 0, '2023-06-01 04:46:28', '2023-06-01 04:46:28'),
(2536, 1, 3759, 1, 0, 0, '2023-06-01 04:46:28', '2023-06-01 04:46:28'),
(2537, 1, 3760, 1, 0, 0, '2023-06-01 04:46:28', '2023-06-01 04:46:28'),
(2538, 1, 3761, 1, 0, 0, '2023-06-01 04:46:28', '2023-06-01 04:46:28'),
(2539, 1, 3762, 1, 0, 0, '2023-06-01 04:46:28', '2023-06-01 04:46:28'),
(2540, 1, 3763, 1, 0, 0, '2023-06-01 04:46:28', '2023-06-01 04:46:28'),
(2541, 1, 3764, 1, 0, 0, '2023-06-01 04:46:28', '2023-06-01 04:46:28'),
(2542, 1, 3765, 1, 0, 0, '2023-06-01 04:46:28', '2023-06-01 04:46:28'),
(2543, 1, 3766, 1, 0, 0, '2023-06-01 04:46:28', '2023-06-01 04:46:28'),
(2544, 1, 3767, 1, 0, 0, '2023-06-01 04:46:28', '2023-06-01 04:46:28'),
(2545, 1, 3768, 1, 0, 0, '2023-06-01 04:46:28', '2023-06-01 04:46:28'),
(2546, 1, 3769, 1, 0, 0, '2023-06-01 04:46:28', '2023-06-01 04:46:28'),
(2547, 1, 3770, 1, 0, 0, '2023-06-01 04:46:28', '2023-06-01 04:46:28'),
(2548, 1, 3771, 1, 0, 0, '2023-06-01 04:46:28', '2023-06-01 04:46:28'),
(2549, 1, 3772, 1, 0, 0, '2023-06-01 04:46:28', '2023-06-01 04:46:28'),
(2550, 1, 3773, 1, 0, 0, '2023-06-01 04:46:28', '2023-06-01 04:46:28'),
(2551, 1, 3774, 1, 0, 0, '2023-06-01 04:46:28', '2023-06-01 04:46:28'),
(2552, 1, 3775, 1, 0, 0, '2023-06-01 04:46:28', '2023-06-01 04:46:28'),
(2553, 1, 3776, 1, 0, 0, '2023-06-01 04:46:28', '2023-06-01 04:46:28'),
(2554, 1, 3777, 1, 0, 0, '2023-06-01 04:46:28', '2023-06-01 04:46:28'),
(2555, 1, 3778, 1, 0, 0, '2023-06-01 04:46:28', '2023-06-01 04:46:28'),
(2556, 1, 3779, 1, 0, 0, '2023-06-01 04:46:28', '2023-06-01 04:46:28'),
(2557, 1, 3780, 1, 0, 0, '2023-06-01 04:46:28', '2023-06-01 04:46:28'),
(2558, 1, 3781, 1, 0, 0, '2023-06-01 04:46:28', '2023-06-01 04:46:28'),
(2559, 1, 3782, 1, 0, 0, '2023-06-01 04:46:28', '2023-06-01 04:46:28'),
(2560, 1, 3783, 1, 0, 0, '2023-06-01 04:46:28', '2023-06-01 04:46:28'),
(2561, 1, 3784, 1, 0, 0, '2023-06-01 04:46:28', '2023-06-01 04:46:28'),
(2562, 1, 3785, 1, 0, 0, '2023-06-01 04:46:28', '2023-06-01 04:46:28'),
(2563, 1, 3786, 1, 0, 0, '2023-06-01 04:46:28', '2023-06-01 04:46:28'),
(2564, 1, 3787, 1, 0, 0, '2023-06-01 04:46:28', '2023-06-01 04:46:28'),
(2565, 1, 3788, 1, 0, 0, '2023-06-01 04:46:28', '2023-06-01 04:46:28'),
(2566, 1, 3789, 1, 0, 0, '2023-06-01 04:46:28', '2023-06-01 04:46:28'),
(2567, 1, 3790, 1, 0, 0, '2023-06-01 04:46:28', '2023-06-01 04:46:28'),
(2568, 1, 3791, 1, 0, 0, '2023-06-01 04:46:28', '2023-06-01 04:46:28'),
(2569, 1, 3792, 1, 0, 0, '2023-06-01 04:46:28', '2023-06-01 04:46:28'),
(2570, 1, 3793, 1, 0, 0, '2023-06-01 04:46:28', '2023-06-01 04:46:28'),
(2571, 1, 3794, 1, 0, 0, '2023-06-01 04:46:28', '2023-06-01 04:46:28'),
(2572, 1, 3795, 1, 0, 0, '2023-06-01 04:46:28', '2023-06-01 04:46:28'),
(2573, 1, 3796, 1, 0, 0, '2023-06-01 04:46:28', '2023-06-01 04:46:28'),
(2574, 1, 3797, 1, 0, 0, '2023-06-01 04:46:28', '2023-06-01 04:46:28'),
(2575, 1, 3798, 1, 0, 0, '2023-06-01 04:46:28', '2023-06-01 04:46:28'),
(2576, 1, 3799, 1, 0, 0, '2023-06-01 04:46:28', '2023-06-01 04:46:28'),
(2577, 1, 3800, 1, 0, 0, '2023-06-01 04:46:28', '2023-06-01 04:46:28'),
(2578, 1, 3801, 1, 0, 0, '2023-06-01 04:46:28', '2023-06-01 04:46:28'),
(2579, 1, 3802, 1, 0, 0, '2023-06-01 04:46:28', '2023-06-01 04:46:28'),
(2580, 1, 3803, 1, 0, 0, '2023-06-01 04:46:28', '2023-06-01 04:46:28'),
(2581, 1, 3804, 1, 0, 0, '2023-06-01 04:46:28', '2023-06-01 04:46:28'),
(2582, 1, 3805, 1, 0, 0, '2023-06-01 04:46:28', '2023-06-01 04:46:28'),
(2583, 1, 3806, 1, 0, 0, '2023-06-01 04:46:28', '2023-06-01 04:46:28'),
(2584, 1, 3807, 1, 0, 0, '2023-06-01 04:46:28', '2023-06-01 04:46:28'),
(2585, 1, 3808, 1, 0, 0, '2023-06-01 04:46:28', '2023-06-01 04:46:28'),
(2586, 1, 3809, 1, 0, 0, '2023-06-01 04:46:28', '2023-06-01 04:46:28'),
(2587, 1, 3810, 1, 0, 0, '2023-06-01 04:46:28', '2023-06-01 04:46:28'),
(2588, 1, 3811, 1, 0, 0, '2023-06-01 04:46:28', '2023-06-01 04:46:28'),
(2589, 1, 3812, 1, 0, 0, '2023-06-01 04:46:28', '2023-06-01 04:46:28'),
(2590, 1, 3813, 1, 0, 0, '2023-06-01 04:46:28', '2023-06-01 04:46:28'),
(2591, 1, 3814, 1, 0, 0, '2023-06-01 04:46:28', '2023-06-01 04:46:28'),
(2592, 1, 3815, 1, 0, 0, '2023-06-01 04:46:28', '2023-06-01 04:46:28'),
(2593, 1, 3816, 1, 0, 0, '2023-06-01 04:46:28', '2023-06-01 04:46:28'),
(2594, 1, 3817, 1, 0, 0, '2023-06-01 04:46:28', '2023-06-01 04:46:28'),
(2595, 1, 3818, 1, 0, 0, '2023-06-01 04:46:28', '2023-06-01 04:46:28'),
(2596, 1, 3819, 1, 0, 0, '2023-06-01 04:46:28', '2023-06-01 04:46:28'),
(2597, 1, 3820, 1, 0, 0, '2023-06-01 04:46:28', '2023-06-01 04:46:28'),
(2598, 1, 3821, 1, 0, 0, '2023-06-01 04:46:28', '2023-06-01 04:46:28'),
(2599, 1, 3822, 1, 0, 0, '2023-06-01 04:46:28', '2023-06-01 04:46:28'),
(2600, 1, 3823, 1, 0, 0, '2023-06-01 04:46:28', '2023-06-01 04:46:28'),
(2601, 1, 3824, 1, 0, 0, '2023-06-01 04:46:28', '2023-06-01 04:46:28'),
(2602, 1, 3825, 1, 0, 0, '2023-06-01 04:46:28', '2023-06-01 04:46:28'),
(2603, 1, 3826, 1, 0, 0, '2023-06-01 04:46:28', '2023-06-01 04:46:28'),
(2604, 1, 3827, 1, 0, 0, '2023-06-01 04:46:28', '2023-06-01 04:46:28'),
(2605, 1, 3828, 1, 0, 0, '2023-06-01 04:46:28', '2023-06-01 04:46:28'),
(2606, 1, 3829, 1, 0, 0, '2023-06-01 04:46:28', '2023-06-01 04:46:28'),
(2607, 1, 3830, 1, 0, 0, '2023-06-01 04:46:28', '2023-06-01 04:46:28'),
(2608, 1, 3831, 1, 0, 0, '2023-06-01 04:46:28', '2023-06-01 04:46:28'),
(2609, 1, 3832, 1, 0, 0, '2023-06-01 04:46:28', '2023-06-01 04:46:28'),
(2610, 1, 3833, 1, 0, 0, '2023-06-01 04:46:28', '2023-06-01 04:46:28'),
(2611, 1, 3834, 1, 0, 0, '2023-06-01 04:46:28', '2023-06-01 04:46:28'),
(2612, 1, 3835, 1, 0, 0, '2023-06-01 04:46:28', '2023-06-01 04:46:28'),
(2613, 1, 3836, 1, 0, 0, '2023-06-01 04:46:28', '2023-06-01 04:46:28'),
(2614, 1, 3837, 1, 0, 0, '2023-06-01 04:46:28', '2023-06-01 04:46:28'),
(2615, 1, 3838, 1, 0, 0, '2023-06-01 04:46:28', '2023-06-01 04:46:28'),
(2616, 1, 3839, 1, 0, 0, '2023-06-01 04:46:28', '2023-06-01 04:46:28'),
(2617, 1, 3840, 1, 0, 0, '2023-06-01 04:46:28', '2023-06-01 04:46:28'),
(2618, 1, 3841, 1, 0, 0, '2023-06-01 04:46:28', '2023-06-01 04:46:28'),
(2619, 1, 3842, 1, 0, 0, '2023-06-01 04:46:28', '2023-06-01 04:46:28'),
(2620, 1, 3843, 1, 0, 0, '2023-06-01 04:46:28', '2023-06-01 04:46:28'),
(2621, 1, 3844, 1, 0, 0, '2023-06-01 04:46:28', '2023-06-01 04:46:28'),
(2622, 1, 3845, 1, 0, 0, '2023-06-01 04:46:28', '2023-06-01 04:46:28'),
(2623, 1, 3846, 1, 0, 0, '2023-06-01 04:46:28', '2023-06-01 04:46:28'),
(2624, 1, 3847, 1, 0, 0, '2023-06-01 04:46:28', '2023-06-01 04:46:28'),
(2625, 1, 3848, 1, 0, 0, '2023-06-01 04:46:28', '2023-06-01 04:46:28'),
(2626, 1, 3849, 1, 0, 0, '2023-06-01 04:46:28', '2023-06-01 04:46:28'),
(2627, 1, 3850, 1, 0, 0, '2023-06-01 04:46:28', '2023-06-01 04:46:28'),
(2628, 1, 3851, 1, 0, 0, '2023-06-01 04:46:28', '2023-06-01 04:46:28'),
(2629, 1, 3852, 1, 0, 0, '2023-06-01 04:46:28', '2023-06-01 04:46:28'),
(2630, 1, 3853, 1, 0, 0, '2023-06-01 04:46:28', '2023-06-01 04:46:28'),
(2631, 1, 3854, 1, 0, 0, '2023-06-01 04:46:28', '2023-06-01 04:46:28'),
(2632, 1, 3855, 1, 0, 0, '2023-06-01 04:46:28', '2023-06-01 04:46:28'),
(2633, 1, 3856, 1, 0, 0, '2023-06-01 04:46:28', '2023-06-01 04:46:28'),
(2634, 1, 3857, 1, 0, 0, '2023-06-01 04:46:28', '2023-06-01 04:46:28'),
(2635, 1, 3858, 1, 0, 0, '2023-06-01 04:46:28', '2023-06-01 04:46:28'),
(2636, 1, 3859, 1, 0, 0, '2023-06-01 04:46:28', '2023-06-01 04:46:28'),
(2637, 1, 3860, 1, 0, 0, '2023-06-01 04:46:28', '2023-06-01 04:46:28'),
(2638, 1, 3861, 1, 0, 0, '2023-06-01 04:46:28', '2023-06-01 04:46:28'),
(2639, 1, 3862, 1, 0, 0, '2023-06-01 04:46:28', '2023-06-01 04:46:28'),
(2640, 1, 3863, 1, 0, 0, '2023-06-01 04:46:28', '2023-06-01 04:46:28'),
(2641, 1, 3864, 1, 0, 0, '2023-06-01 04:46:28', '2023-06-01 04:46:28'),
(2642, 1, 3865, 1, 0, 0, '2023-06-01 04:46:28', '2023-06-01 04:46:28'),
(2643, 1, 3866, 1, 0, 0, '2023-06-01 04:46:28', '2023-06-01 04:46:28'),
(2644, 1, 3867, 1, 0, 0, '2023-06-01 04:46:28', '2023-06-01 04:46:28'),
(2645, 1, 3868, 1, 0, 0, '2023-06-01 04:46:28', '2023-06-01 04:46:28'),
(2646, 1, 3869, 1, 0, 0, '2023-06-01 04:46:28', '2023-06-01 04:46:28'),
(2647, 1, 3870, 1, 0, 0, '2023-06-01 04:46:28', '2023-06-01 04:46:28'),
(2648, 1, 3871, 1, 0, 0, '2023-06-01 04:46:28', '2023-06-01 04:46:28'),
(2649, 1, 3872, 1, 0, 0, '2023-06-01 04:46:28', '2023-06-01 04:46:28'),
(2650, 1, 3873, 1, 0, 0, '2023-06-01 04:46:28', '2023-06-01 04:46:28'),
(2651, 1, 3874, 1, 0, 0, '2023-06-01 04:46:28', '2023-06-01 04:46:28'),
(2652, 1, 3875, 1, 0, 0, '2023-06-01 04:46:28', '2023-06-01 04:46:28'),
(2653, 1, 3876, 1, 0, 0, '2023-06-01 04:46:28', '2023-06-01 04:46:28'),
(2654, 1, 3877, 1, 0, 0, '2023-06-01 04:46:28', '2023-06-01 04:46:28'),
(2655, 1, 3878, 1, 0, 0, '2023-06-01 04:46:28', '2023-06-01 04:46:28'),
(2656, 1, 3879, 1, 0, 0, '2023-06-01 04:46:28', '2023-06-01 04:46:28'),
(2657, 1, 3880, 1, 0, 0, '2023-06-01 04:46:28', '2023-06-01 04:46:28'),
(2658, 1, 3881, 1, 0, 0, '2023-06-01 04:46:28', '2023-06-01 04:46:28'),
(2659, 1, 3882, 1, 0, 0, '2023-06-01 04:46:28', '2023-06-01 04:46:28'),
(2660, 1, 3883, 1, 0, 0, '2023-06-01 04:46:28', '2023-06-01 04:46:28'),
(2661, 1, 3884, 1, 0, 0, '2023-06-01 04:46:28', '2023-06-01 04:46:28'),
(2662, 1, 3885, 1, 0, 0, '2023-06-01 04:46:28', '2023-06-01 04:46:28'),
(2663, 1, 3886, 1, 0, 0, '2023-06-01 04:46:28', '2023-06-01 04:46:28'),
(2664, 1, 3887, 1, 0, 0, '2023-06-01 04:46:28', '2023-06-01 04:46:28'),
(2665, 1, 3888, 1, 0, 0, '2023-06-01 04:46:28', '2023-06-01 04:46:28'),
(2666, 1, 3889, 1, 0, 0, '2023-06-01 04:46:28', '2023-06-01 04:46:28'),
(2667, 1, 3890, 1, 0, 0, '2023-06-01 04:46:28', '2023-06-01 04:46:28'),
(2668, 1, 3891, 1, 0, 0, '2023-06-01 04:46:28', '2023-06-01 04:46:28'),
(2669, 1, 3892, 1, 0, 0, '2023-06-01 04:46:28', '2023-06-01 04:46:28'),
(2670, 1, 3893, 1, 0, 0, '2023-06-01 04:46:28', '2023-06-01 04:46:28'),
(2671, 1, 3894, 1, 0, 0, '2023-06-01 04:46:28', '2023-06-01 04:46:28'),
(2672, 1, 3895, 1, 0, 0, '2023-06-01 04:46:28', '2023-06-01 04:46:28'),
(2673, 1, 3896, 1, 0, 0, '2023-06-01 04:46:28', '2023-06-01 04:46:28'),
(2674, 1, 3897, 1, 0, 0, '2023-06-01 04:46:28', '2023-06-01 04:46:28'),
(2675, 1, 3898, 1, 0, 0, '2023-06-01 04:46:28', '2023-06-01 04:46:28'),
(2676, 1, 3899, 1, 0, 0, '2023-06-01 04:46:28', '2023-06-01 04:46:28'),
(2677, 1, 3900, 1, 0, 0, '2023-06-01 04:46:28', '2023-06-01 04:46:28'),
(2678, 1, 3901, 1, 0, 0, '2023-06-01 04:46:28', '2023-06-01 04:46:28'),
(2679, 1, 3902, 1, 0, 0, '2023-06-01 04:46:28', '2023-06-01 04:46:28'),
(2680, 1, 3903, 1, 0, 0, '2023-06-01 04:46:28', '2023-06-01 04:46:28'),
(2681, 1, 3904, 1, 0, 0, '2023-06-01 04:46:28', '2023-06-01 04:46:28'),
(2682, 1, 3905, 1, 0, 0, '2023-06-01 04:46:28', '2023-06-01 04:46:28'),
(2683, 1, 3906, 1, 0, 0, '2023-06-01 04:46:28', '2023-06-01 04:46:28'),
(2684, 1, 3907, 1, 0, 0, '2023-06-01 04:46:28', '2023-06-01 04:46:28'),
(2685, 1, 3908, 1, 0, 0, '2023-06-01 04:46:28', '2023-06-01 04:46:28'),
(2686, 1, 3909, 1, 0, 0, '2023-06-01 04:46:28', '2023-06-01 04:46:28'),
(2687, 1, 3910, 1, 0, 0, '2023-06-01 04:46:28', '2023-06-01 04:46:28'),
(2688, 4, 3614, 1, 0, 0, '2023-06-01 04:46:37', '2023-06-01 04:46:37'),
(2689, 4, 3615, 1, 0, 0, '2023-06-01 04:46:37', '2023-06-01 04:46:37'),
(2690, 4, 3616, 1, 0, 0, '2023-06-01 04:46:37', '2023-06-01 04:46:37'),
(2691, 4, 3617, 1, 0, 0, '2023-06-01 04:46:37', '2023-06-01 04:46:37'),
(2692, 4, 3618, 1, 0, 0, '2023-06-01 04:46:37', '2023-06-01 04:46:37'),
(2693, 4, 3619, 1, 0, 0, '2023-06-01 04:46:37', '2023-06-01 04:46:37'),
(2694, 4, 3620, 1, 0, 0, '2023-06-01 04:46:37', '2023-06-01 04:46:37'),
(2695, 4, 3621, 1, 0, 0, '2023-06-01 04:46:37', '2023-06-01 04:46:37'),
(2696, 4, 3622, 1, 3, 0, '2023-06-01 04:46:37', '2023-06-20 21:49:01'),
(2697, 4, 3623, 1, 0, 0, '2023-06-01 04:46:37', '2023-06-01 04:46:37'),
(2698, 4, 3624, 1, 0, 0, '2023-06-01 04:46:37', '2023-06-01 04:46:37'),
(2699, 4, 3625, 1, 0, 0, '2023-06-01 04:46:37', '2023-06-01 04:46:37'),
(2700, 4, 3626, 1, 0, 0, '2023-06-01 04:46:37', '2023-06-01 04:46:37'),
(2701, 4, 3627, 1, 0, 0, '2023-06-01 04:46:37', '2023-06-01 04:46:37'),
(2702, 4, 3628, 1, 0, 0, '2023-06-01 04:46:37', '2023-06-01 04:46:37'),
(2703, 4, 3629, 1, 0, 0, '2023-06-01 04:46:37', '2023-06-01 04:46:37'),
(2704, 4, 3630, 1, 0, 0, '2023-06-01 04:46:37', '2023-06-01 04:46:37'),
(2705, 4, 3631, 1, 0, 0, '2023-06-01 04:46:37', '2023-06-01 04:46:37'),
(2706, 4, 3632, 1, 0, 0, '2023-06-01 04:46:37', '2023-06-01 04:46:37'),
(2707, 4, 3633, 1, 0, 0, '2023-06-01 04:46:37', '2023-06-01 04:46:37'),
(2708, 4, 3634, 1, 0, 0, '2023-06-01 04:46:37', '2023-06-01 04:46:37'),
(2709, 4, 3635, 1, 0, 0, '2023-06-01 04:46:37', '2023-06-01 04:46:37'),
(2710, 4, 3636, 1, 0, 0, '2023-06-01 04:46:37', '2023-06-01 04:46:37'),
(2711, 4, 3637, 1, 0, 0, '2023-06-01 04:46:37', '2023-06-01 04:46:37'),
(2712, 4, 3638, 1, 0, 0, '2023-06-01 04:46:37', '2023-06-01 04:46:37'),
(2713, 4, 3639, 1, 0, 0, '2023-06-01 04:46:37', '2023-06-01 04:46:37'),
(2714, 4, 3640, 1, 0, 0, '2023-06-01 04:46:37', '2023-06-01 04:46:37'),
(2715, 4, 3641, 1, 0, 0, '2023-06-01 04:46:37', '2023-06-01 04:46:37'),
(2716, 4, 3642, 1, 0, 0, '2023-06-01 04:46:37', '2023-06-01 04:46:37'),
(2717, 4, 3643, 1, 0, 0, '2023-06-01 04:46:37', '2023-06-01 04:46:37'),
(2718, 4, 3644, 1, 0, 0, '2023-06-01 04:46:37', '2023-06-01 04:46:37'),
(2719, 4, 3645, 1, 0, 0, '2023-06-01 04:46:37', '2023-06-01 04:46:37'),
(2720, 4, 3646, 1, 0, 0, '2023-06-01 04:46:37', '2023-06-01 04:46:37'),
(2721, 4, 3647, 1, 0, 0, '2023-06-01 04:46:37', '2023-06-01 04:46:37'),
(2722, 4, 3648, 1, 0, 0, '2023-06-01 04:46:37', '2023-06-01 04:46:37'),
(2723, 4, 3649, 1, 0, 0, '2023-06-01 04:46:37', '2023-06-01 04:46:37'),
(2724, 4, 3650, 1, 0, 0, '2023-06-01 04:46:37', '2023-06-01 04:46:37'),
(2725, 4, 3651, 1, 0, 0, '2023-06-01 04:46:37', '2023-06-01 04:46:37'),
(2726, 4, 3652, 1, 0, 0, '2023-06-01 04:46:37', '2023-06-01 04:46:37'),
(2727, 4, 3653, 1, 0, 0, '2023-06-01 04:46:37', '2023-06-01 04:46:37'),
(2728, 4, 3654, 1, 0, 0, '2023-06-01 04:46:37', '2023-06-01 04:46:37'),
(2729, 4, 3655, 1, 0, 0, '2023-06-01 04:46:37', '2023-06-01 04:46:37'),
(2730, 4, 3656, 1, 0, 0, '2023-06-01 04:46:37', '2023-06-01 04:46:37'),
(2731, 4, 3657, 1, 0, 0, '2023-06-01 04:46:37', '2023-06-01 04:46:37'),
(2732, 4, 3658, 1, 0, 0, '2023-06-01 04:46:37', '2023-06-01 04:46:37'),
(2733, 4, 3659, 1, 0, 0, '2023-06-01 04:46:37', '2023-06-01 04:46:37'),
(2734, 4, 3660, 1, 0, 0, '2023-06-01 04:46:37', '2023-06-01 04:46:37'),
(2735, 4, 3661, 1, 0, 0, '2023-06-01 04:46:37', '2023-06-01 04:46:37'),
(2736, 4, 3662, 1, 0, 0, '2023-06-01 04:46:37', '2023-06-01 04:46:37'),
(2737, 4, 3663, 1, 0, 0, '2023-06-01 04:46:37', '2023-06-01 04:46:37'),
(2738, 4, 3664, 1, 0, 0, '2023-06-01 04:46:37', '2023-06-01 04:46:37'),
(2739, 4, 3665, 1, 0, 0, '2023-06-01 04:46:37', '2023-06-01 04:46:37'),
(2740, 4, 3666, 1, 0, 0, '2023-06-01 04:46:37', '2023-06-01 04:46:37'),
(2741, 4, 3667, 1, 0, 0, '2023-06-01 04:46:37', '2023-06-01 04:46:37'),
(2742, 4, 3668, 1, 0, 0, '2023-06-01 04:46:37', '2023-06-01 04:46:37'),
(2743, 4, 3669, 1, 0, 0, '2023-06-01 04:46:37', '2023-06-01 04:46:37'),
(2744, 4, 3670, 1, 0, 0, '2023-06-01 04:46:37', '2023-06-01 04:46:37'),
(2745, 4, 3671, 1, 0, 0, '2023-06-01 04:46:37', '2023-06-01 04:46:37'),
(2746, 4, 3672, 1, 0, 0, '2023-06-01 04:46:37', '2023-06-01 04:46:37'),
(2747, 4, 3673, 1, 0, 0, '2023-06-01 04:46:37', '2023-06-01 04:46:37'),
(2748, 4, 3674, 1, 0, 0, '2023-06-01 04:46:37', '2023-06-01 04:46:37'),
(2749, 4, 3675, 1, 0, 0, '2023-06-01 04:46:37', '2023-06-01 04:46:37'),
(2750, 4, 3676, 1, 0, 0, '2023-06-01 04:46:37', '2023-06-01 04:46:37'),
(2751, 4, 3677, 1, 0, 0, '2023-06-01 04:46:37', '2023-06-01 04:46:37'),
(2752, 4, 3678, 1, 0, 0, '2023-06-01 04:46:37', '2023-06-01 04:46:37'),
(2753, 4, 3679, 1, 0, 0, '2023-06-01 04:46:37', '2023-06-01 04:46:37'),
(2754, 4, 3680, 1, 0, 0, '2023-06-01 04:46:37', '2023-06-01 04:46:37'),
(2755, 4, 3681, 1, 0, 0, '2023-06-01 04:46:37', '2023-06-01 04:46:37'),
(2756, 4, 3682, 1, 0, 0, '2023-06-01 04:46:37', '2023-06-01 04:46:37'),
(2757, 4, 3683, 1, 0, 0, '2023-06-01 04:46:37', '2023-06-01 04:46:37'),
(2758, 4, 3684, 1, 0, 0, '2023-06-01 04:46:37', '2023-06-01 04:46:37'),
(2759, 4, 3685, 1, 0, 0, '2023-06-01 04:46:37', '2023-06-01 04:46:37'),
(2760, 4, 3686, 1, 0, 0, '2023-06-01 04:46:37', '2023-06-01 04:46:37'),
(2761, 4, 3687, 1, 0, 0, '2023-06-01 04:46:37', '2023-06-01 04:46:37'),
(2762, 4, 3688, 1, 0, 0, '2023-06-01 04:46:37', '2023-06-01 04:46:37'),
(2763, 4, 3689, 1, 0, 0, '2023-06-01 04:46:37', '2023-06-01 04:46:37'),
(2764, 4, 3690, 1, 0, 0, '2023-06-01 04:46:37', '2023-06-01 04:46:37'),
(2765, 4, 3691, 1, 0, 0, '2023-06-01 04:46:37', '2023-06-01 04:46:37'),
(2766, 4, 3692, 1, 0, 0, '2023-06-01 04:46:37', '2023-06-01 04:46:37'),
(2767, 4, 3693, 1, 0, 0, '2023-06-01 04:46:37', '2023-06-01 04:46:37'),
(2768, 4, 3694, 1, 0, 0, '2023-06-01 04:46:37', '2023-06-01 04:46:37'),
(2769, 4, 3695, 1, 0, 0, '2023-06-01 04:46:37', '2023-06-01 04:46:37'),
(2770, 4, 3696, 1, 0, 0, '2023-06-01 04:46:37', '2023-06-01 04:46:37'),
(2771, 4, 3697, 1, 0, 0, '2023-06-01 04:46:37', '2023-06-01 04:46:37'),
(2772, 4, 3698, 1, 0, 0, '2023-06-01 04:46:37', '2023-06-01 04:46:37'),
(2773, 4, 3699, 1, 0, 0, '2023-06-01 04:46:37', '2023-06-01 04:46:37'),
(2774, 4, 3700, 1, 0, 0, '2023-06-01 04:46:37', '2023-06-01 04:46:37'),
(2775, 4, 3701, 1, 0, 0, '2023-06-01 04:46:37', '2023-06-01 04:46:37'),
(2776, 4, 3702, 1, 0, 0, '2023-06-01 04:46:37', '2023-06-01 04:46:37'),
(2777, 4, 3703, 1, 0, 0, '2023-06-01 04:46:37', '2023-06-01 04:46:37'),
(2778, 4, 3704, 1, 0, 0, '2023-06-01 04:46:37', '2023-06-01 04:46:37'),
(2779, 4, 3705, 1, 0, 0, '2023-06-01 04:46:37', '2023-06-01 04:46:37'),
(2780, 4, 3706, 1, 0, 0, '2023-06-01 04:46:37', '2023-06-01 04:46:37'),
(2781, 4, 3707, 1, 0, 0, '2023-06-01 04:46:37', '2023-06-01 04:46:37'),
(2782, 4, 3708, 1, 0, 0, '2023-06-01 04:46:37', '2023-06-01 04:46:37'),
(2783, 4, 3709, 1, 0, 0, '2023-06-01 04:46:37', '2023-06-01 04:46:37'),
(2784, 4, 3710, 1, 0, 0, '2023-06-01 04:46:37', '2023-06-01 04:46:37'),
(2785, 4, 3711, 1, 0, 0, '2023-06-01 04:46:37', '2023-06-01 04:46:37'),
(2786, 4, 3712, 1, 0, 0, '2023-06-01 04:46:37', '2023-06-01 04:46:37'),
(2787, 4, 3713, 1, 0, 0, '2023-06-01 04:46:37', '2023-06-01 04:46:37'),
(2788, 4, 3714, 1, 0, 0, '2023-06-01 04:46:37', '2023-06-01 04:46:37'),
(2789, 4, 3715, 1, 0, 0, '2023-06-01 04:46:37', '2023-06-01 04:46:37'),
(2790, 4, 3716, 1, 0, 0, '2023-06-01 04:46:37', '2023-06-01 04:46:37'),
(2791, 4, 3717, 1, 0, 0, '2023-06-01 04:46:37', '2023-06-01 04:46:37'),
(2792, 4, 3718, 1, 0, 0, '2023-06-01 04:46:37', '2023-06-01 04:46:37'),
(2793, 4, 3719, 1, 0, 0, '2023-06-01 04:46:37', '2023-06-01 04:46:37'),
(2794, 4, 3720, 1, 0, 0, '2023-06-01 04:46:37', '2023-06-01 04:46:37'),
(2795, 4, 3721, 1, 0, 0, '2023-06-01 04:46:37', '2023-06-01 04:46:37'),
(2796, 4, 3722, 1, 0, 0, '2023-06-01 04:46:37', '2023-06-01 04:46:37'),
(2797, 4, 3723, 1, 0, 0, '2023-06-01 04:46:37', '2023-06-01 04:46:37'),
(2798, 4, 3724, 1, 0, 0, '2023-06-01 04:46:37', '2023-06-01 04:46:37'),
(2799, 4, 3725, 1, 0, 0, '2023-06-01 04:46:37', '2023-06-01 04:46:37'),
(2800, 4, 3726, 1, 0, 0, '2023-06-01 04:46:37', '2023-06-01 04:46:37'),
(2801, 4, 3727, 1, 0, 0, '2023-06-01 04:46:37', '2023-06-01 04:46:37'),
(2802, 4, 3728, 1, 0, 0, '2023-06-01 04:46:37', '2023-06-01 04:46:37'),
(2803, 4, 3729, 1, 0, 0, '2023-06-01 04:46:37', '2023-06-01 04:46:37'),
(2804, 4, 3730, 1, 0, 0, '2023-06-01 04:46:37', '2023-06-01 04:46:37'),
(2805, 4, 3731, 1, 0, 0, '2023-06-01 04:46:37', '2023-06-01 04:46:37'),
(2806, 4, 3732, 1, 0, 0, '2023-06-01 04:46:37', '2023-06-01 04:46:37'),
(2807, 4, 3733, 1, 0, 0, '2023-06-01 04:46:37', '2023-06-01 04:46:37'),
(2808, 4, 3734, 1, 0, 0, '2023-06-01 04:46:37', '2023-06-01 04:46:37'),
(2809, 4, 3735, 1, 0, 0, '2023-06-01 04:46:37', '2023-06-01 04:46:37'),
(2810, 4, 3736, 1, 0, 0, '2023-06-01 04:46:37', '2023-06-01 04:46:37'),
(2811, 4, 3737, 1, 0, 0, '2023-06-01 04:46:37', '2023-06-01 04:46:37'),
(2812, 4, 3738, 1, 0, 0, '2023-06-01 04:46:37', '2023-06-01 04:46:37'),
(2813, 4, 3739, 1, 0, 0, '2023-06-01 04:46:37', '2023-06-01 04:46:37'),
(2814, 4, 3740, 1, 0, 0, '2023-06-01 04:46:37', '2023-06-01 04:46:37'),
(2815, 4, 3741, 1, 0, 0, '2023-06-01 04:46:38', '2023-06-01 04:46:38'),
(2816, 4, 3742, 1, 0, 0, '2023-06-01 04:46:38', '2023-06-01 04:46:38'),
(2817, 4, 3743, 1, 0, 0, '2023-06-01 04:46:38', '2023-06-01 04:46:38'),
(2818, 4, 3744, 1, 0, 0, '2023-06-01 04:46:38', '2023-06-01 04:46:38'),
(2819, 4, 3745, 1, 0, 0, '2023-06-01 04:46:38', '2023-06-01 04:46:38'),
(2820, 4, 3746, 1, 0, 0, '2023-06-01 04:46:38', '2023-06-01 04:46:38'),
(2821, 4, 3747, 1, 0, 0, '2023-06-01 04:46:38', '2023-06-01 04:46:38'),
(2822, 4, 3748, 1, 0, 0, '2023-06-01 04:46:38', '2023-06-01 04:46:38'),
(2823, 4, 3749, 1, 0, 0, '2023-06-01 04:46:38', '2023-06-01 04:46:38'),
(2824, 4, 3750, 1, 0, 0, '2023-06-01 04:46:38', '2023-06-01 04:46:38'),
(2825, 4, 3751, 1, 0, 0, '2023-06-01 04:46:38', '2023-06-01 04:46:38'),
(2826, 4, 3752, 1, 0, 0, '2023-06-01 04:46:38', '2023-06-01 04:46:38'),
(2827, 4, 3753, 1, 0, 0, '2023-06-01 04:46:38', '2023-06-01 04:46:38'),
(2828, 4, 3754, 1, 0, 0, '2023-06-01 04:46:38', '2023-06-01 04:46:38'),
(2829, 4, 3755, 1, 0, 0, '2023-06-01 04:46:38', '2023-06-01 04:46:38'),
(2830, 4, 3756, 1, 0, 0, '2023-06-01 04:46:38', '2023-06-01 04:46:38'),
(2831, 4, 3757, 1, 0, 0, '2023-06-01 04:46:38', '2023-06-01 04:46:38'),
(2832, 4, 3758, 1, 0, 0, '2023-06-01 04:46:38', '2023-06-01 04:46:38'),
(2833, 4, 3759, 1, 0, 0, '2023-06-01 04:46:38', '2023-06-01 04:46:38'),
(2834, 4, 3760, 1, 0, 0, '2023-06-01 04:46:38', '2023-06-01 04:46:38'),
(2835, 4, 3761, 1, 0, 0, '2023-06-01 04:46:38', '2023-06-01 04:46:38'),
(2836, 4, 3762, 1, 0, 0, '2023-06-01 04:46:38', '2023-06-01 04:46:38'),
(2837, 4, 3763, 1, 0, 0, '2023-06-01 04:46:38', '2023-06-01 04:46:38'),
(2838, 4, 3764, 1, 0, 0, '2023-06-01 04:46:38', '2023-06-01 04:46:38'),
(2839, 4, 3765, 1, 0, 0, '2023-06-01 04:46:38', '2023-06-01 04:46:38'),
(2840, 4, 3766, 1, 0, 0, '2023-06-01 04:46:38', '2023-06-01 04:46:38'),
(2841, 4, 3767, 1, 0, 0, '2023-06-01 04:46:38', '2023-06-01 04:46:38'),
(2842, 4, 3768, 1, 0, 0, '2023-06-01 04:46:38', '2023-06-01 04:46:38'),
(2843, 4, 3769, 1, 0, 0, '2023-06-01 04:46:38', '2023-06-01 04:46:38'),
(2844, 4, 3770, 1, 0, 0, '2023-06-01 04:46:38', '2023-06-01 04:46:38'),
(2845, 4, 3771, 1, 0, 0, '2023-06-01 04:46:38', '2023-06-01 04:46:38'),
(2846, 4, 3772, 1, 0, 0, '2023-06-01 04:46:38', '2023-06-01 04:46:38'),
(2847, 4, 3773, 1, 0, 0, '2023-06-01 04:46:38', '2023-06-01 04:46:38'),
(2848, 4, 3774, 1, 0, 0, '2023-06-01 04:46:38', '2023-06-01 04:46:38'),
(2849, 4, 3775, 1, 0, 0, '2023-06-01 04:46:38', '2023-06-01 04:46:38'),
(2850, 4, 3776, 1, 0, 0, '2023-06-01 04:46:38', '2023-06-01 04:46:38'),
(2851, 4, 3777, 1, 0, 0, '2023-06-01 04:46:38', '2023-06-01 04:46:38'),
(2852, 4, 3778, 1, 0, 0, '2023-06-01 04:46:38', '2023-06-01 04:46:38'),
(2853, 4, 3779, 1, 0, 0, '2023-06-01 04:46:38', '2023-06-01 04:46:38'),
(2854, 4, 3780, 1, 0, 0, '2023-06-01 04:46:38', '2023-06-01 04:46:38'),
(2855, 4, 3781, 1, 0, 0, '2023-06-01 04:46:38', '2023-06-01 04:46:38'),
(2856, 4, 3782, 1, 0, 0, '2023-06-01 04:46:38', '2023-06-01 04:46:38'),
(2857, 4, 3783, 1, 0, 0, '2023-06-01 04:46:38', '2023-06-01 04:46:38'),
(2858, 4, 3784, 1, 0, 0, '2023-06-01 04:46:38', '2023-06-01 04:46:38'),
(2859, 4, 3785, 1, 0, 0, '2023-06-01 04:46:38', '2023-06-01 04:46:38'),
(2860, 4, 3786, 1, 0, 0, '2023-06-01 04:46:38', '2023-06-01 04:46:38'),
(2861, 4, 3787, 1, 0, 0, '2023-06-01 04:46:38', '2023-06-01 04:46:38'),
(2862, 4, 3788, 1, 0, 0, '2023-06-01 04:46:38', '2023-06-01 04:46:38'),
(2863, 4, 3789, 1, 0, 0, '2023-06-01 04:46:38', '2023-06-01 04:46:38'),
(2864, 4, 3790, 1, 0, 0, '2023-06-01 04:46:38', '2023-06-01 04:46:38'),
(2865, 4, 3791, 1, 0, 0, '2023-06-01 04:46:38', '2023-06-01 04:46:38'),
(2866, 4, 3792, 1, 0, 0, '2023-06-01 04:46:38', '2023-06-01 04:46:38'),
(2867, 4, 3793, 1, 0, 0, '2023-06-01 04:46:38', '2023-06-01 04:46:38'),
(2868, 4, 3794, 1, 0, 0, '2023-06-01 04:46:38', '2023-06-01 04:46:38'),
(2869, 4, 3795, 1, 0, 0, '2023-06-01 04:46:38', '2023-06-01 04:46:38'),
(2870, 4, 3796, 1, 0, 0, '2023-06-01 04:46:38', '2023-06-01 04:46:38'),
(2871, 4, 3797, 1, 0, 0, '2023-06-01 04:46:38', '2023-06-01 04:46:38'),
(2872, 4, 3798, 1, 0, 0, '2023-06-01 04:46:38', '2023-06-01 04:46:38'),
(2873, 4, 3799, 1, 0, 0, '2023-06-01 04:46:38', '2023-06-01 04:46:38'),
(2874, 4, 3800, 1, 0, 0, '2023-06-01 04:46:38', '2023-06-01 04:46:38'),
(2875, 4, 3801, 1, 0, 0, '2023-06-01 04:46:38', '2023-06-01 04:46:38'),
(2876, 4, 3802, 1, 0, 0, '2023-06-01 04:46:38', '2023-06-01 04:46:38'),
(2877, 4, 3803, 1, 0, 0, '2023-06-01 04:46:38', '2023-06-01 04:46:38'),
(2878, 4, 3804, 1, 0, 0, '2023-06-01 04:46:38', '2023-06-01 04:46:38'),
(2879, 4, 3805, 1, 0, 0, '2023-06-01 04:46:38', '2023-06-01 04:46:38'),
(2880, 4, 3806, 1, 0, 0, '2023-06-01 04:46:38', '2023-06-01 04:46:38'),
(2881, 4, 3807, 1, 0, 0, '2023-06-01 04:46:38', '2023-06-01 04:46:38'),
(2882, 4, 3808, 1, 0, 0, '2023-06-01 04:46:38', '2023-06-01 04:46:38'),
(2883, 4, 3809, 1, 0, 0, '2023-06-01 04:46:38', '2023-06-01 04:46:38'),
(2884, 4, 3810, 1, 0, 0, '2023-06-01 04:46:38', '2023-06-01 04:46:38'),
(2885, 4, 3811, 1, 0, 0, '2023-06-01 04:46:38', '2023-06-01 04:46:38'),
(2886, 4, 3812, 1, 0, 0, '2023-06-01 04:46:38', '2023-06-01 04:46:38'),
(2887, 4, 3813, 1, 0, 0, '2023-06-01 04:46:38', '2023-06-01 04:46:38'),
(2888, 4, 3814, 1, 0, 0, '2023-06-01 04:46:38', '2023-06-01 04:46:38'),
(2889, 4, 3815, 1, 0, 0, '2023-06-01 04:46:38', '2023-06-01 04:46:38'),
(2890, 4, 3816, 1, 0, 0, '2023-06-01 04:46:38', '2023-06-01 04:46:38'),
(2891, 4, 3817, 1, 0, 0, '2023-06-01 04:46:38', '2023-06-01 04:46:38'),
(2892, 4, 3818, 1, 0, 0, '2023-06-01 04:46:38', '2023-06-01 04:46:38'),
(2893, 4, 3819, 1, 0, 0, '2023-06-01 04:46:38', '2023-06-01 04:46:38'),
(2894, 4, 3820, 1, 0, 0, '2023-06-01 04:46:38', '2023-06-01 04:46:38'),
(2895, 4, 3821, 1, 0, 0, '2023-06-01 04:46:38', '2023-06-01 04:46:38'),
(2896, 4, 3822, 1, 0, 0, '2023-06-01 04:46:38', '2023-06-01 04:46:38'),
(2897, 4, 3823, 1, 0, 0, '2023-06-01 04:46:38', '2023-06-01 04:46:38'),
(2898, 4, 3824, 1, 0, 0, '2023-06-01 04:46:38', '2023-06-01 04:46:38'),
(2899, 4, 3825, 1, 0, 0, '2023-06-01 04:46:38', '2023-06-01 04:46:38'),
(2900, 4, 3826, 1, 0, 0, '2023-06-01 04:46:38', '2023-06-01 04:46:38'),
(2901, 4, 3827, 1, 0, 0, '2023-06-01 04:46:38', '2023-06-01 04:46:38'),
(2902, 4, 3828, 1, 0, 0, '2023-06-01 04:46:38', '2023-06-01 04:46:38'),
(2903, 4, 3829, 1, 0, 0, '2023-06-01 04:46:38', '2023-06-01 04:46:38'),
(2904, 4, 3830, 1, 0, 0, '2023-06-01 04:46:38', '2023-06-01 04:46:38'),
(2905, 4, 3831, 1, 0, 0, '2023-06-01 04:46:38', '2023-06-01 04:46:38'),
(2906, 4, 3832, 1, 0, 0, '2023-06-01 04:46:38', '2023-06-01 04:46:38'),
(2907, 4, 3833, 1, 0, 0, '2023-06-01 04:46:38', '2023-06-01 04:46:38'),
(2908, 4, 3834, 1, 0, 0, '2023-06-01 04:46:38', '2023-06-01 04:46:38'),
(2909, 4, 3835, 1, 0, 0, '2023-06-01 04:46:38', '2023-06-01 04:46:38'),
(2910, 4, 3836, 1, 0, 0, '2023-06-01 04:46:38', '2023-06-01 04:46:38'),
(2911, 4, 3837, 1, 0, 0, '2023-06-01 04:46:38', '2023-06-01 04:46:38'),
(2912, 4, 3838, 1, 0, 0, '2023-06-01 04:46:38', '2023-06-01 04:46:38'),
(2913, 4, 3839, 1, 0, 0, '2023-06-01 04:46:38', '2023-06-01 04:46:38'),
(2914, 4, 3840, 1, 0, 0, '2023-06-01 04:46:38', '2023-06-01 04:46:38'),
(2915, 4, 3841, 1, 0, 0, '2023-06-01 04:46:38', '2023-06-01 04:46:38'),
(2916, 4, 3842, 1, 0, 0, '2023-06-01 04:46:38', '2023-06-01 04:46:38'),
(2917, 4, 3843, 1, 0, 0, '2023-06-01 04:46:38', '2023-06-01 04:46:38'),
(2918, 4, 3844, 1, 0, 0, '2023-06-01 04:46:38', '2023-06-01 04:46:38'),
(2919, 4, 3845, 1, 0, 0, '2023-06-01 04:46:38', '2023-06-01 04:46:38'),
(2920, 4, 3846, 1, 0, 0, '2023-06-01 04:46:38', '2023-06-01 04:46:38'),
(2921, 4, 3847, 1, 0, 0, '2023-06-01 04:46:38', '2023-06-01 04:46:38'),
(2922, 4, 3848, 1, 0, 0, '2023-06-01 04:46:38', '2023-06-01 04:46:38'),
(2923, 4, 3849, 1, 0, 0, '2023-06-01 04:46:38', '2023-06-01 04:46:38'),
(2924, 4, 3850, 1, 0, 0, '2023-06-01 04:46:38', '2023-06-01 04:46:38'),
(2925, 4, 3851, 1, 0, 0, '2023-06-01 04:46:38', '2023-06-01 04:46:38'),
(2926, 4, 3852, 1, 0, 0, '2023-06-01 04:46:38', '2023-06-01 04:46:38'),
(2927, 4, 3853, 1, 0, 0, '2023-06-01 04:46:38', '2023-06-01 04:46:38'),
(2928, 4, 3854, 1, 0, 0, '2023-06-01 04:46:38', '2023-06-01 04:46:38'),
(2929, 4, 3855, 1, 0, 0, '2023-06-01 04:46:38', '2023-06-01 04:46:38'),
(2930, 4, 3856, 1, 0, 0, '2023-06-01 04:46:38', '2023-06-01 04:46:38'),
(2931, 4, 3857, 1, 0, 0, '2023-06-01 04:46:38', '2023-06-01 04:46:38'),
(2932, 4, 3858, 1, 0, 0, '2023-06-01 04:46:38', '2023-06-01 04:46:38'),
(2933, 4, 3859, 1, 0, 0, '2023-06-01 04:46:38', '2023-06-01 04:46:38'),
(2934, 4, 3860, 1, 0, 0, '2023-06-01 04:46:38', '2023-06-01 04:46:38'),
(2935, 4, 3861, 1, 0, 0, '2023-06-01 04:46:38', '2023-06-01 04:46:38'),
(2936, 4, 3862, 1, 0, 0, '2023-06-01 04:46:38', '2023-06-01 04:46:38'),
(2937, 4, 3863, 1, 0, 0, '2023-06-01 04:46:38', '2023-06-01 04:46:38'),
(2938, 4, 3864, 1, 0, 0, '2023-06-01 04:46:38', '2023-06-01 04:46:38'),
(2939, 4, 3865, 1, 0, 0, '2023-06-01 04:46:38', '2023-06-01 04:46:38'),
(2940, 4, 3866, 1, 0, 0, '2023-06-01 04:46:38', '2023-06-01 04:46:38'),
(2941, 4, 3867, 1, 0, 0, '2023-06-01 04:46:38', '2023-06-01 04:46:38'),
(2942, 4, 3868, 1, 0, 0, '2023-06-01 04:46:38', '2023-06-01 04:46:38'),
(2943, 4, 3869, 1, 0, 0, '2023-06-01 04:46:38', '2023-06-01 04:46:38'),
(2944, 4, 3870, 1, 0, 0, '2023-06-01 04:46:38', '2023-06-01 04:46:38'),
(2945, 4, 3871, 1, 0, 0, '2023-06-01 04:46:38', '2023-06-01 04:46:38'),
(2946, 4, 3872, 1, 0, 0, '2023-06-01 04:46:38', '2023-06-01 04:46:38'),
(2947, 4, 3873, 1, 0, 0, '2023-06-01 04:46:38', '2023-06-01 04:46:38'),
(2948, 4, 3874, 1, 0, 0, '2023-06-01 04:46:38', '2023-06-01 04:46:38'),
(2949, 4, 3875, 1, 0, 0, '2023-06-01 04:46:38', '2023-06-01 04:46:38'),
(2950, 4, 3876, 1, 0, 0, '2023-06-01 04:46:38', '2023-06-01 04:46:38'),
(2951, 4, 3877, 1, 0, 0, '2023-06-01 04:46:38', '2023-06-01 04:46:38'),
(2952, 4, 3878, 1, 0, 0, '2023-06-01 04:46:38', '2023-06-01 04:46:38'),
(2953, 4, 3879, 1, 0, 0, '2023-06-01 04:46:38', '2023-06-01 04:46:38'),
(2954, 4, 3880, 1, 0, 0, '2023-06-01 04:46:38', '2023-06-01 04:46:38'),
(2955, 4, 3881, 1, 0, 0, '2023-06-01 04:46:38', '2023-06-01 04:46:38'),
(2956, 4, 3882, 1, 0, 0, '2023-06-01 04:46:38', '2023-06-01 04:46:38'),
(2957, 4, 3883, 1, 0, 0, '2023-06-01 04:46:38', '2023-06-01 04:46:38'),
(2958, 4, 3884, 1, 0, 0, '2023-06-01 04:46:38', '2023-06-01 04:46:38'),
(2959, 4, 3885, 1, 0, 0, '2023-06-01 04:46:38', '2023-06-01 04:46:38'),
(2960, 4, 3886, 1, 0, 0, '2023-06-01 04:46:38', '2023-06-01 04:46:38'),
(2961, 4, 3887, 1, 0, 0, '2023-06-01 04:46:38', '2023-06-01 04:46:38'),
(2962, 4, 3888, 1, 0, 0, '2023-06-01 04:46:38', '2023-06-01 04:46:38'),
(2963, 4, 3889, 1, 0, 0, '2023-06-01 04:46:38', '2023-06-01 04:46:38'),
(2964, 4, 3890, 1, 0, 0, '2023-06-01 04:46:38', '2023-06-01 04:46:38'),
(2965, 4, 3891, 1, 0, 0, '2023-06-01 04:46:38', '2023-06-01 04:46:38'),
(2966, 4, 3892, 1, 0, 0, '2023-06-01 04:46:38', '2023-06-01 04:46:38'),
(2967, 4, 3893, 1, 0, 0, '2023-06-01 04:46:38', '2023-06-01 04:46:38'),
(2968, 4, 3894, 1, 0, 0, '2023-06-01 04:46:38', '2023-06-01 04:46:38'),
(2969, 4, 3895, 1, 0, 0, '2023-06-01 04:46:38', '2023-06-01 04:46:38'),
(2970, 4, 3896, 1, 0, 0, '2023-06-01 04:46:38', '2023-06-01 04:46:38'),
(2971, 4, 3897, 1, 0, 0, '2023-06-01 04:46:38', '2023-06-01 04:46:38'),
(2972, 4, 3898, 1, 0, 0, '2023-06-01 04:46:38', '2023-06-01 04:46:38'),
(2973, 4, 3899, 1, 0, 0, '2023-06-01 04:46:38', '2023-06-01 04:46:38'),
(2974, 4, 3900, 1, 0, 0, '2023-06-01 04:46:38', '2023-06-01 04:46:38'),
(2975, 4, 3901, 1, 0, 0, '2023-06-01 04:46:38', '2023-06-01 04:46:38'),
(2976, 4, 3902, 1, 0, 0, '2023-06-01 04:46:38', '2023-06-01 04:46:38'),
(2977, 4, 3903, 1, 0, 0, '2023-06-01 04:46:38', '2023-06-01 04:46:38'),
(2978, 4, 3904, 1, 0, 0, '2023-06-01 04:46:38', '2023-06-01 04:46:38'),
(2979, 4, 3905, 1, 0, 0, '2023-06-01 04:46:38', '2023-06-01 04:46:38'),
(2980, 4, 3906, 1, 0, 0, '2023-06-01 04:46:38', '2023-06-01 04:46:38'),
(2981, 4, 3907, 1, 0, 0, '2023-06-01 04:46:38', '2023-06-01 04:46:38'),
(2982, 4, 3908, 1, 0, 0, '2023-06-01 04:46:38', '2023-06-01 04:46:38'),
(2983, 4, 3909, 1, 0, 0, '2023-06-01 04:46:38', '2023-06-01 04:46:38'),
(2984, 4, 3910, 1, 0, 0, '2023-06-01 04:46:38', '2023-06-01 04:46:38'),
(2985, 3, 3614, 1, 0, 0, '2023-06-01 04:46:45', '2023-06-01 04:46:45'),
(2986, 3, 3615, 1, 0, 0, '2023-06-01 04:46:45', '2023-06-01 04:46:45'),
(2987, 3, 3616, 1, 0, 0, '2023-06-01 04:46:45', '2023-06-01 04:46:45'),
(2988, 3, 3617, 1, 0, 0, '2023-06-01 04:46:45', '2023-06-01 04:46:45'),
(2989, 3, 3618, 1, 0, 0, '2023-06-01 04:46:45', '2023-06-01 04:46:45'),
(2990, 3, 3619, 1, 0, 0, '2023-06-01 04:46:45', '2023-06-01 04:46:45'),
(2991, 3, 3620, 1, 0, 0, '2023-06-01 04:46:45', '2023-06-01 04:46:45'),
(2992, 3, 3621, 1, 0, 0, '2023-06-01 04:46:45', '2023-06-01 04:46:45'),
(2993, 3, 3622, 1, 6, 0, '2023-06-01 04:46:45', '2023-06-20 21:50:05'),
(2994, 3, 3623, 1, 0, 0, '2023-06-01 04:46:45', '2023-06-01 04:46:45'),
(2995, 3, 3624, 1, 0, 0, '2023-06-01 04:46:45', '2023-06-01 04:46:45'),
(2996, 3, 3625, 1, 0, 0, '2023-06-01 04:46:45', '2023-06-01 04:46:45'),
(2997, 3, 3626, 1, 0, 0, '2023-06-01 04:46:45', '2023-06-01 04:46:45'),
(2998, 3, 3627, 1, 0, 0, '2023-06-01 04:46:45', '2023-06-01 04:46:45'),
(2999, 3, 3628, 1, 0, 0, '2023-06-01 04:46:45', '2023-06-01 04:46:45'),
(3000, 3, 3629, 1, 0, 0, '2023-06-01 04:46:45', '2023-06-01 04:46:45'),
(3001, 3, 3630, 1, 0, 0, '2023-06-01 04:46:45', '2023-06-01 04:46:45'),
(3002, 3, 3631, 1, 0, 0, '2023-06-01 04:46:45', '2023-06-01 04:46:45'),
(3003, 3, 3632, 1, 0, 0, '2023-06-01 04:46:45', '2023-06-01 04:46:45'),
(3004, 3, 3633, 1, 0, 0, '2023-06-01 04:46:45', '2023-06-01 04:46:45'),
(3005, 3, 3634, 1, 0, 0, '2023-06-01 04:46:45', '2023-06-01 04:46:45'),
(3006, 3, 3635, 1, 0, 0, '2023-06-01 04:46:45', '2023-06-01 04:46:45'),
(3007, 3, 3636, 1, 0, 0, '2023-06-01 04:46:45', '2023-06-01 04:46:45'),
(3008, 3, 3637, 1, 0, 0, '2023-06-01 04:46:45', '2023-06-01 04:46:45'),
(3009, 3, 3638, 1, 0, 0, '2023-06-01 04:46:45', '2023-06-01 04:46:45'),
(3010, 3, 3639, 1, 0, 0, '2023-06-01 04:46:45', '2023-06-01 04:46:45'),
(3011, 3, 3640, 1, 0, 0, '2023-06-01 04:46:45', '2023-06-01 04:46:45'),
(3012, 3, 3641, 1, 0, 0, '2023-06-01 04:46:45', '2023-06-01 04:46:45'),
(3013, 3, 3642, 1, 0, 0, '2023-06-01 04:46:45', '2023-06-01 04:46:45'),
(3014, 3, 3643, 1, 0, 0, '2023-06-01 04:46:45', '2023-06-01 04:46:45'),
(3015, 3, 3644, 1, 0, 0, '2023-06-01 04:46:45', '2023-06-01 04:46:45'),
(3016, 3, 3645, 1, 0, 0, '2023-06-01 04:46:45', '2023-06-01 04:46:45'),
(3017, 3, 3646, 1, 0, 0, '2023-06-01 04:46:45', '2023-06-01 04:46:45'),
(3018, 3, 3647, 1, 0, 0, '2023-06-01 04:46:45', '2023-06-01 04:46:45'),
(3019, 3, 3648, 1, 0, 0, '2023-06-01 04:46:45', '2023-06-01 04:46:45'),
(3020, 3, 3649, 1, 0, 0, '2023-06-01 04:46:45', '2023-06-01 04:46:45'),
(3021, 3, 3650, 1, 0, 0, '2023-06-01 04:46:45', '2023-06-01 04:46:45'),
(3022, 3, 3651, 1, 0, 0, '2023-06-01 04:46:45', '2023-06-01 04:46:45'),
(3023, 3, 3652, 1, 0, 0, '2023-06-01 04:46:45', '2023-06-01 04:46:45'),
(3024, 3, 3653, 1, 0, 0, '2023-06-01 04:46:45', '2023-06-01 04:46:45'),
(3025, 3, 3654, 1, 0, 0, '2023-06-01 04:46:45', '2023-06-01 04:46:45'),
(3026, 3, 3655, 1, 0, 0, '2023-06-01 04:46:45', '2023-06-01 04:46:45'),
(3027, 3, 3656, 1, 0, 0, '2023-06-01 04:46:45', '2023-06-01 04:46:45'),
(3028, 3, 3657, 1, 0, 0, '2023-06-01 04:46:45', '2023-06-01 04:46:45'),
(3029, 3, 3658, 1, 0, 0, '2023-06-01 04:46:45', '2023-06-01 04:46:45'),
(3030, 3, 3659, 1, 0, 0, '2023-06-01 04:46:45', '2023-06-01 04:46:45'),
(3031, 3, 3660, 1, 0, 0, '2023-06-01 04:46:45', '2023-06-01 04:46:45'),
(3032, 3, 3661, 1, 0, 0, '2023-06-01 04:46:45', '2023-06-01 04:46:45'),
(3033, 3, 3662, 1, 0, 0, '2023-06-01 04:46:45', '2023-06-01 04:46:45'),
(3034, 3, 3663, 1, 0, 0, '2023-06-01 04:46:45', '2023-06-01 04:46:45'),
(3035, 3, 3664, 1, 0, 0, '2023-06-01 04:46:45', '2023-06-01 04:46:45'),
(3036, 3, 3665, 1, 0, 0, '2023-06-01 04:46:45', '2023-06-01 04:46:45'),
(3037, 3, 3666, 1, 0, 0, '2023-06-01 04:46:45', '2023-06-01 04:46:45'),
(3038, 3, 3667, 1, 0, 0, '2023-06-01 04:46:45', '2023-06-01 04:46:45'),
(3039, 3, 3668, 1, 0, 0, '2023-06-01 04:46:45', '2023-06-01 04:46:45'),
(3040, 3, 3669, 1, 0, 0, '2023-06-01 04:46:45', '2023-06-01 04:46:45'),
(3041, 3, 3670, 1, 0, 0, '2023-06-01 04:46:45', '2023-06-01 04:46:45'),
(3042, 3, 3671, 1, 0, 0, '2023-06-01 04:46:45', '2023-06-01 04:46:45'),
(3043, 3, 3672, 1, 0, 0, '2023-06-01 04:46:45', '2023-06-01 04:46:45'),
(3044, 3, 3673, 1, 0, 0, '2023-06-01 04:46:45', '2023-06-01 04:46:45'),
(3045, 3, 3674, 1, 0, 0, '2023-06-01 04:46:45', '2023-06-01 04:46:45'),
(3046, 3, 3675, 1, 0, 0, '2023-06-01 04:46:45', '2023-06-01 04:46:45'),
(3047, 3, 3676, 1, 0, 0, '2023-06-01 04:46:45', '2023-06-01 04:46:45'),
(3048, 3, 3677, 1, 0, 0, '2023-06-01 04:46:45', '2023-06-01 04:46:45'),
(3049, 3, 3678, 1, 0, 0, '2023-06-01 04:46:45', '2023-06-01 04:46:45'),
(3050, 3, 3679, 1, 0, 0, '2023-06-01 04:46:45', '2023-06-01 04:46:45'),
(3051, 3, 3680, 1, 0, 0, '2023-06-01 04:46:45', '2023-06-01 04:46:45'),
(3052, 3, 3681, 1, 0, 0, '2023-06-01 04:46:45', '2023-06-01 04:46:45'),
(3053, 3, 3682, 1, 0, 0, '2023-06-01 04:46:45', '2023-06-01 04:46:45'),
(3054, 3, 3683, 1, 0, 0, '2023-06-01 04:46:45', '2023-06-01 04:46:45'),
(3055, 3, 3684, 1, 0, 0, '2023-06-01 04:46:45', '2023-06-01 04:46:45'),
(3056, 3, 3685, 1, 0, 0, '2023-06-01 04:46:45', '2023-06-01 04:46:45'),
(3057, 3, 3686, 1, 0, 0, '2023-06-01 04:46:45', '2023-06-01 04:46:45'),
(3058, 3, 3687, 1, 0, 0, '2023-06-01 04:46:45', '2023-06-01 04:46:45'),
(3059, 3, 3688, 1, 0, 0, '2023-06-01 04:46:45', '2023-06-01 04:46:45'),
(3060, 3, 3689, 1, 0, 0, '2023-06-01 04:46:45', '2023-06-01 04:46:45'),
(3061, 3, 3690, 1, 0, 0, '2023-06-01 04:46:45', '2023-06-01 04:46:45'),
(3062, 3, 3691, 1, 0, 0, '2023-06-01 04:46:45', '2023-06-01 04:46:45'),
(3063, 3, 3692, 1, 0, 0, '2023-06-01 04:46:45', '2023-06-01 04:46:45'),
(3064, 3, 3693, 1, 0, 0, '2023-06-01 04:46:45', '2023-06-01 04:46:45'),
(3065, 3, 3694, 1, 0, 0, '2023-06-01 04:46:45', '2023-06-01 04:46:45'),
(3066, 3, 3695, 1, 0, 0, '2023-06-01 04:46:45', '2023-06-01 04:46:45'),
(3067, 3, 3696, 1, 0, 0, '2023-06-01 04:46:45', '2023-06-01 04:46:45'),
(3068, 3, 3697, 1, 0, 0, '2023-06-01 04:46:45', '2023-06-01 04:46:45'),
(3069, 3, 3698, 1, 0, 0, '2023-06-01 04:46:45', '2023-06-01 04:46:45'),
(3070, 3, 3699, 1, 0, 0, '2023-06-01 04:46:45', '2023-06-01 04:46:45'),
(3071, 3, 3700, 1, 0, 0, '2023-06-01 04:46:45', '2023-06-01 04:46:45'),
(3072, 3, 3701, 1, 0, 0, '2023-06-01 04:46:45', '2023-06-01 04:46:45'),
(3073, 3, 3702, 1, 0, 0, '2023-06-01 04:46:45', '2023-06-01 04:46:45'),
(3074, 3, 3703, 1, 0, 0, '2023-06-01 04:46:45', '2023-06-01 04:46:45'),
(3075, 3, 3704, 1, 0, 0, '2023-06-01 04:46:45', '2023-06-01 04:46:45'),
(3076, 3, 3705, 1, 0, 0, '2023-06-01 04:46:45', '2023-06-01 04:46:45'),
(3077, 3, 3706, 1, 0, 0, '2023-06-01 04:46:45', '2023-06-01 04:46:45'),
(3078, 3, 3707, 1, 0, 0, '2023-06-01 04:46:45', '2023-06-01 04:46:45'),
(3079, 3, 3708, 1, 0, 0, '2023-06-01 04:46:45', '2023-06-01 04:46:45'),
(3080, 3, 3709, 1, 0, 0, '2023-06-01 04:46:45', '2023-06-01 04:46:45'),
(3081, 3, 3710, 1, 0, 0, '2023-06-01 04:46:45', '2023-06-01 04:46:45'),
(3082, 3, 3711, 1, 0, 0, '2023-06-01 04:46:45', '2023-06-01 04:46:45'),
(3083, 3, 3712, 1, 0, 0, '2023-06-01 04:46:45', '2023-06-01 04:46:45'),
(3084, 3, 3713, 1, 0, 0, '2023-06-01 04:46:45', '2023-06-01 04:46:45'),
(3085, 3, 3714, 1, 0, 0, '2023-06-01 04:46:45', '2023-06-01 04:46:45'),
(3086, 3, 3715, 1, 0, 0, '2023-06-01 04:46:45', '2023-06-01 04:46:45'),
(3087, 3, 3716, 1, 0, 0, '2023-06-01 04:46:45', '2023-06-01 04:46:45'),
(3088, 3, 3717, 1, 0, 0, '2023-06-01 04:46:45', '2023-06-01 04:46:45'),
(3089, 3, 3718, 1, 0, 0, '2023-06-01 04:46:45', '2023-06-01 04:46:45'),
(3090, 3, 3719, 1, 0, 0, '2023-06-01 04:46:45', '2023-06-01 04:46:45'),
(3091, 3, 3720, 1, 0, 0, '2023-06-01 04:46:45', '2023-06-01 04:46:45'),
(3092, 3, 3721, 1, 0, 0, '2023-06-01 04:46:45', '2023-06-01 04:46:45'),
(3093, 3, 3722, 1, 0, 0, '2023-06-01 04:46:45', '2023-06-01 04:46:45'),
(3094, 3, 3723, 1, 0, 0, '2023-06-01 04:46:45', '2023-06-01 04:46:45'),
(3095, 3, 3724, 1, 0, 0, '2023-06-01 04:46:45', '2023-06-01 04:46:45'),
(3096, 3, 3725, 1, 0, 0, '2023-06-01 04:46:45', '2023-06-01 04:46:45'),
(3097, 3, 3726, 1, 0, 0, '2023-06-01 04:46:45', '2023-06-01 04:46:45'),
(3098, 3, 3727, 1, 0, 0, '2023-06-01 04:46:45', '2023-06-01 04:46:45'),
(3099, 3, 3728, 1, 0, 0, '2023-06-01 04:46:45', '2023-06-01 04:46:45'),
(3100, 3, 3729, 1, 0, 0, '2023-06-01 04:46:45', '2023-06-01 04:46:45'),
(3101, 3, 3730, 1, 0, 0, '2023-06-01 04:46:45', '2023-06-01 04:46:45'),
(3102, 3, 3731, 1, 0, 0, '2023-06-01 04:46:45', '2023-06-01 04:46:45');
INSERT INTO `inventarios` (`id`, `almacen_id`, `producto_id`, `usuario_id`, `stock`, `stock_minimo`, `created_at`, `updated_at`) VALUES
(3103, 3, 3732, 1, 0, 0, '2023-06-01 04:46:45', '2023-06-01 04:46:45'),
(3104, 3, 3733, 1, 0, 0, '2023-06-01 04:46:45', '2023-06-01 04:46:45'),
(3105, 3, 3734, 1, 0, 0, '2023-06-01 04:46:45', '2023-06-01 04:46:45'),
(3106, 3, 3735, 1, 0, 0, '2023-06-01 04:46:45', '2023-06-01 04:46:45'),
(3107, 3, 3736, 1, 0, 0, '2023-06-01 04:46:45', '2023-06-01 04:46:45'),
(3108, 3, 3737, 1, 0, 0, '2023-06-01 04:46:45', '2023-06-01 04:46:45'),
(3109, 3, 3738, 1, 0, 0, '2023-06-01 04:46:45', '2023-06-01 04:46:45'),
(3110, 3, 3739, 1, 0, 0, '2023-06-01 04:46:46', '2023-06-01 04:46:46'),
(3111, 3, 3740, 1, 0, 0, '2023-06-01 04:46:46', '2023-06-01 04:46:46'),
(3112, 3, 3741, 1, 0, 0, '2023-06-01 04:46:46', '2023-06-01 04:46:46'),
(3113, 3, 3742, 1, 0, 0, '2023-06-01 04:46:46', '2023-06-01 04:46:46'),
(3114, 3, 3743, 1, 0, 0, '2023-06-01 04:46:46', '2023-06-01 04:46:46'),
(3115, 3, 3744, 1, 0, 0, '2023-06-01 04:46:46', '2023-06-01 04:46:46'),
(3116, 3, 3745, 1, 0, 0, '2023-06-01 04:46:46', '2023-06-01 04:46:46'),
(3117, 3, 3746, 1, 0, 0, '2023-06-01 04:46:46', '2023-06-01 04:46:46'),
(3118, 3, 3747, 1, 0, 0, '2023-06-01 04:46:46', '2023-06-01 04:46:46'),
(3119, 3, 3748, 1, 0, 0, '2023-06-01 04:46:46', '2023-06-01 04:46:46'),
(3120, 3, 3749, 1, 0, 0, '2023-06-01 04:46:46', '2023-06-01 04:46:46'),
(3121, 3, 3750, 1, 0, 0, '2023-06-01 04:46:46', '2023-06-01 04:46:46'),
(3122, 3, 3751, 1, 0, 0, '2023-06-01 04:46:46', '2023-06-01 04:46:46'),
(3123, 3, 3752, 1, 0, 0, '2023-06-01 04:46:46', '2023-06-01 04:46:46'),
(3124, 3, 3753, 1, 0, 0, '2023-06-01 04:46:46', '2023-06-01 04:46:46'),
(3125, 3, 3754, 1, 0, 0, '2023-06-01 04:46:46', '2023-06-01 04:46:46'),
(3126, 3, 3755, 1, 0, 0, '2023-06-01 04:46:46', '2023-06-01 04:46:46'),
(3127, 3, 3756, 1, 0, 0, '2023-06-01 04:46:46', '2023-06-01 04:46:46'),
(3128, 3, 3757, 1, 0, 0, '2023-06-01 04:46:46', '2023-06-01 04:46:46'),
(3129, 3, 3758, 1, 0, 0, '2023-06-01 04:46:46', '2023-06-01 04:46:46'),
(3130, 3, 3759, 1, 0, 0, '2023-06-01 04:46:46', '2023-06-01 04:46:46'),
(3131, 3, 3760, 1, 0, 0, '2023-06-01 04:46:46', '2023-06-01 04:46:46'),
(3132, 3, 3761, 1, 0, 0, '2023-06-01 04:46:46', '2023-06-01 04:46:46'),
(3133, 3, 3762, 1, 0, 0, '2023-06-01 04:46:46', '2023-06-01 04:46:46'),
(3134, 3, 3763, 1, 0, 0, '2023-06-01 04:46:46', '2023-06-01 04:46:46'),
(3135, 3, 3764, 1, 0, 0, '2023-06-01 04:46:46', '2023-06-01 04:46:46'),
(3136, 3, 3765, 1, 0, 0, '2023-06-01 04:46:46', '2023-06-01 04:46:46'),
(3137, 3, 3766, 1, 0, 0, '2023-06-01 04:46:46', '2023-06-01 04:46:46'),
(3138, 3, 3767, 1, 0, 0, '2023-06-01 04:46:46', '2023-06-01 04:46:46'),
(3139, 3, 3768, 1, 0, 0, '2023-06-01 04:46:46', '2023-06-01 04:46:46'),
(3140, 3, 3769, 1, 0, 0, '2023-06-01 04:46:46', '2023-06-01 04:46:46'),
(3141, 3, 3770, 1, 0, 0, '2023-06-01 04:46:46', '2023-06-01 04:46:46'),
(3142, 3, 3771, 1, 0, 0, '2023-06-01 04:46:46', '2023-06-01 04:46:46'),
(3143, 3, 3772, 1, 0, 0, '2023-06-01 04:46:46', '2023-06-01 04:46:46'),
(3144, 3, 3773, 1, 0, 0, '2023-06-01 04:46:46', '2023-06-01 04:46:46'),
(3145, 3, 3774, 1, 0, 0, '2023-06-01 04:46:46', '2023-06-01 04:46:46'),
(3146, 3, 3775, 1, 0, 0, '2023-06-01 04:46:46', '2023-06-01 04:46:46'),
(3147, 3, 3776, 1, 0, 0, '2023-06-01 04:46:46', '2023-06-01 04:46:46'),
(3148, 3, 3777, 1, 0, 0, '2023-06-01 04:46:46', '2023-06-01 04:46:46'),
(3149, 3, 3778, 1, 0, 0, '2023-06-01 04:46:46', '2023-06-01 04:46:46'),
(3150, 3, 3779, 1, 0, 0, '2023-06-01 04:46:46', '2023-06-01 04:46:46'),
(3151, 3, 3780, 1, 0, 0, '2023-06-01 04:46:46', '2023-06-01 04:46:46'),
(3152, 3, 3781, 1, 0, 0, '2023-06-01 04:46:46', '2023-06-01 04:46:46'),
(3153, 3, 3782, 1, 0, 0, '2023-06-01 04:46:46', '2023-06-01 04:46:46'),
(3154, 3, 3783, 1, 0, 0, '2023-06-01 04:46:46', '2023-06-01 04:46:46'),
(3155, 3, 3784, 1, 0, 0, '2023-06-01 04:46:46', '2023-06-01 04:46:46'),
(3156, 3, 3785, 1, 0, 0, '2023-06-01 04:46:46', '2023-06-01 04:46:46'),
(3157, 3, 3786, 1, 0, 0, '2023-06-01 04:46:46', '2023-06-01 04:46:46'),
(3158, 3, 3787, 1, 0, 0, '2023-06-01 04:46:46', '2023-06-01 04:46:46'),
(3159, 3, 3788, 1, 0, 0, '2023-06-01 04:46:46', '2023-06-01 04:46:46'),
(3160, 3, 3789, 1, 0, 0, '2023-06-01 04:46:46', '2023-06-01 04:46:46'),
(3161, 3, 3790, 1, 0, 0, '2023-06-01 04:46:46', '2023-06-01 04:46:46'),
(3162, 3, 3791, 1, 0, 0, '2023-06-01 04:46:46', '2023-06-01 04:46:46'),
(3163, 3, 3792, 1, 0, 0, '2023-06-01 04:46:46', '2023-06-01 04:46:46'),
(3164, 3, 3793, 1, 0, 0, '2023-06-01 04:46:46', '2023-06-01 04:46:46'),
(3165, 3, 3794, 1, 0, 0, '2023-06-01 04:46:46', '2023-06-01 04:46:46'),
(3166, 3, 3795, 1, 0, 0, '2023-06-01 04:46:46', '2023-06-01 04:46:46'),
(3167, 3, 3796, 1, 0, 0, '2023-06-01 04:46:46', '2023-06-01 04:46:46'),
(3168, 3, 3797, 1, 0, 0, '2023-06-01 04:46:46', '2023-06-01 04:46:46'),
(3169, 3, 3798, 1, 0, 0, '2023-06-01 04:46:46', '2023-06-01 04:46:46'),
(3170, 3, 3799, 1, 0, 0, '2023-06-01 04:46:46', '2023-06-01 04:46:46'),
(3171, 3, 3800, 1, 0, 0, '2023-06-01 04:46:46', '2023-06-01 04:46:46'),
(3172, 3, 3801, 1, 0, 0, '2023-06-01 04:46:46', '2023-06-01 04:46:46'),
(3173, 3, 3802, 1, 0, 0, '2023-06-01 04:46:46', '2023-06-01 04:46:46'),
(3174, 3, 3803, 1, 0, 0, '2023-06-01 04:46:46', '2023-06-01 04:46:46'),
(3175, 3, 3804, 1, 0, 0, '2023-06-01 04:46:46', '2023-06-01 04:46:46'),
(3176, 3, 3805, 1, 0, 0, '2023-06-01 04:46:46', '2023-06-01 04:46:46'),
(3177, 3, 3806, 1, 0, 0, '2023-06-01 04:46:46', '2023-06-01 04:46:46'),
(3178, 3, 3807, 1, 0, 0, '2023-06-01 04:46:46', '2023-06-01 04:46:46'),
(3179, 3, 3808, 1, 0, 0, '2023-06-01 04:46:46', '2023-06-01 04:46:46'),
(3180, 3, 3809, 1, 0, 0, '2023-06-01 04:46:46', '2023-06-01 04:46:46'),
(3181, 3, 3810, 1, 0, 0, '2023-06-01 04:46:46', '2023-06-01 04:46:46'),
(3182, 3, 3811, 1, 0, 0, '2023-06-01 04:46:46', '2023-06-01 04:46:46'),
(3183, 3, 3812, 1, 0, 0, '2023-06-01 04:46:46', '2023-06-01 04:46:46'),
(3184, 3, 3813, 1, 0, 0, '2023-06-01 04:46:46', '2023-06-01 04:46:46'),
(3185, 3, 3814, 1, 0, 0, '2023-06-01 04:46:46', '2023-06-01 04:46:46'),
(3186, 3, 3815, 1, 0, 0, '2023-06-01 04:46:46', '2023-06-01 04:46:46'),
(3187, 3, 3816, 1, 0, 0, '2023-06-01 04:46:46', '2023-06-01 04:46:46'),
(3188, 3, 3817, 1, 0, 0, '2023-06-01 04:46:46', '2023-06-01 04:46:46'),
(3189, 3, 3818, 1, 0, 0, '2023-06-01 04:46:46', '2023-06-01 04:46:46'),
(3190, 3, 3819, 1, 0, 0, '2023-06-01 04:46:46', '2023-06-01 04:46:46'),
(3191, 3, 3820, 1, 0, 0, '2023-06-01 04:46:46', '2023-06-01 04:46:46'),
(3192, 3, 3821, 1, 0, 0, '2023-06-01 04:46:46', '2023-06-01 04:46:46'),
(3193, 3, 3822, 1, 0, 0, '2023-06-01 04:46:46', '2023-06-01 04:46:46'),
(3194, 3, 3823, 1, 0, 0, '2023-06-01 04:46:46', '2023-06-01 04:46:46'),
(3195, 3, 3824, 1, 0, 0, '2023-06-01 04:46:46', '2023-06-01 04:46:46'),
(3196, 3, 3825, 1, 0, 0, '2023-06-01 04:46:46', '2023-06-01 04:46:46'),
(3197, 3, 3826, 1, 0, 0, '2023-06-01 04:46:46', '2023-06-01 04:46:46'),
(3198, 3, 3827, 1, 0, 0, '2023-06-01 04:46:46', '2023-06-01 04:46:46'),
(3199, 3, 3828, 1, 0, 0, '2023-06-01 04:46:46', '2023-06-01 04:46:46'),
(3200, 3, 3829, 1, 0, 0, '2023-06-01 04:46:46', '2023-06-01 04:46:46'),
(3201, 3, 3830, 1, 0, 0, '2023-06-01 04:46:46', '2023-06-01 04:46:46'),
(3202, 3, 3831, 1, 0, 0, '2023-06-01 04:46:46', '2023-06-01 04:46:46'),
(3203, 3, 3832, 1, 0, 0, '2023-06-01 04:46:46', '2023-06-01 04:46:46'),
(3204, 3, 3833, 1, 0, 0, '2023-06-01 04:46:46', '2023-06-01 04:46:46'),
(3205, 3, 3834, 1, 0, 0, '2023-06-01 04:46:46', '2023-06-01 04:46:46'),
(3206, 3, 3835, 1, 0, 0, '2023-06-01 04:46:46', '2023-06-01 04:46:46'),
(3207, 3, 3836, 1, 0, 0, '2023-06-01 04:46:46', '2023-06-01 04:46:46'),
(3208, 3, 3837, 1, 0, 0, '2023-06-01 04:46:46', '2023-06-01 04:46:46'),
(3209, 3, 3838, 1, 0, 0, '2023-06-01 04:46:46', '2023-06-01 04:46:46'),
(3210, 3, 3839, 1, 0, 0, '2023-06-01 04:46:46', '2023-06-01 04:46:46'),
(3211, 3, 3840, 1, 0, 0, '2023-06-01 04:46:46', '2023-06-01 04:46:46'),
(3212, 3, 3841, 1, 0, 0, '2023-06-01 04:46:46', '2023-06-01 04:46:46'),
(3213, 3, 3842, 1, 0, 0, '2023-06-01 04:46:46', '2023-06-01 04:46:46'),
(3214, 3, 3843, 1, 0, 0, '2023-06-01 04:46:46', '2023-06-01 04:46:46'),
(3215, 3, 3844, 1, 0, 0, '2023-06-01 04:46:46', '2023-06-01 04:46:46'),
(3216, 3, 3845, 1, 0, 0, '2023-06-01 04:46:46', '2023-06-01 04:46:46'),
(3217, 3, 3846, 1, 0, 0, '2023-06-01 04:46:46', '2023-06-01 04:46:46'),
(3218, 3, 3847, 1, 0, 0, '2023-06-01 04:46:46', '2023-06-01 04:46:46'),
(3219, 3, 3848, 1, 0, 0, '2023-06-01 04:46:46', '2023-06-01 04:46:46'),
(3220, 3, 3849, 1, 0, 0, '2023-06-01 04:46:46', '2023-06-01 04:46:46'),
(3221, 3, 3850, 1, 0, 0, '2023-06-01 04:46:46', '2023-06-01 04:46:46'),
(3222, 3, 3851, 1, 0, 0, '2023-06-01 04:46:46', '2023-06-01 04:46:46'),
(3223, 3, 3852, 1, 0, 0, '2023-06-01 04:46:46', '2023-06-01 04:46:46'),
(3224, 3, 3853, 1, 0, 0, '2023-06-01 04:46:46', '2023-06-01 04:46:46'),
(3225, 3, 3854, 1, 0, 0, '2023-06-01 04:46:46', '2023-06-01 04:46:46'),
(3226, 3, 3855, 1, 0, 0, '2023-06-01 04:46:46', '2023-06-01 04:46:46'),
(3227, 3, 3856, 1, 0, 0, '2023-06-01 04:46:46', '2023-06-01 04:46:46'),
(3228, 3, 3857, 1, 0, 0, '2023-06-01 04:46:46', '2023-06-01 04:46:46'),
(3229, 3, 3858, 1, 0, 0, '2023-06-01 04:46:46', '2023-06-01 04:46:46'),
(3230, 3, 3859, 1, 0, 0, '2023-06-01 04:46:46', '2023-06-01 04:46:46'),
(3231, 3, 3860, 1, 0, 0, '2023-06-01 04:46:46', '2023-06-01 04:46:46'),
(3232, 3, 3861, 1, 0, 0, '2023-06-01 04:46:46', '2023-06-01 04:46:46'),
(3233, 3, 3862, 1, 0, 0, '2023-06-01 04:46:46', '2023-06-01 04:46:46'),
(3234, 3, 3863, 1, 0, 0, '2023-06-01 04:46:46', '2023-06-01 04:46:46'),
(3235, 3, 3864, 1, 0, 0, '2023-06-01 04:46:46', '2023-06-01 04:46:46'),
(3236, 3, 3865, 1, 0, 0, '2023-06-01 04:46:46', '2023-06-01 04:46:46'),
(3237, 3, 3866, 1, 0, 0, '2023-06-01 04:46:46', '2023-06-01 04:46:46'),
(3238, 3, 3867, 1, 0, 0, '2023-06-01 04:46:46', '2023-06-01 04:46:46'),
(3239, 3, 3868, 1, 0, 0, '2023-06-01 04:46:46', '2023-06-01 04:46:46'),
(3240, 3, 3869, 1, 0, 0, '2023-06-01 04:46:46', '2023-06-01 04:46:46'),
(3241, 3, 3870, 1, 0, 0, '2023-06-01 04:46:46', '2023-06-01 04:46:46'),
(3242, 3, 3871, 1, 0, 0, '2023-06-01 04:46:46', '2023-06-01 04:46:46'),
(3243, 3, 3872, 1, 0, 0, '2023-06-01 04:46:46', '2023-06-01 04:46:46'),
(3244, 3, 3873, 1, 0, 0, '2023-06-01 04:46:46', '2023-06-01 04:46:46'),
(3245, 3, 3874, 1, 0, 0, '2023-06-01 04:46:46', '2023-06-01 04:46:46'),
(3246, 3, 3875, 1, 0, 0, '2023-06-01 04:46:46', '2023-06-01 04:46:46'),
(3247, 3, 3876, 1, 0, 0, '2023-06-01 04:46:46', '2023-06-01 04:46:46'),
(3248, 3, 3877, 1, 0, 0, '2023-06-01 04:46:46', '2023-06-01 04:46:46'),
(3249, 3, 3878, 1, 0, 0, '2023-06-01 04:46:46', '2023-06-01 04:46:46'),
(3250, 3, 3879, 1, 0, 0, '2023-06-01 04:46:46', '2023-06-01 04:46:46'),
(3251, 3, 3880, 1, 0, 0, '2023-06-01 04:46:46', '2023-06-01 04:46:46'),
(3252, 3, 3881, 1, 0, 0, '2023-06-01 04:46:46', '2023-06-01 04:46:46'),
(3253, 3, 3882, 1, 0, 0, '2023-06-01 04:46:46', '2023-06-01 04:46:46'),
(3254, 3, 3883, 1, 0, 0, '2023-06-01 04:46:46', '2023-06-01 04:46:46'),
(3255, 3, 3884, 1, 0, 0, '2023-06-01 04:46:46', '2023-06-01 04:46:46'),
(3256, 3, 3885, 1, 0, 0, '2023-06-01 04:46:46', '2023-06-01 04:46:46'),
(3257, 3, 3886, 1, 0, 0, '2023-06-01 04:46:46', '2023-06-01 04:46:46'),
(3258, 3, 3887, 1, 0, 0, '2023-06-01 04:46:46', '2023-06-01 04:46:46'),
(3259, 3, 3888, 1, 0, 0, '2023-06-01 04:46:46', '2023-06-01 04:46:46'),
(3260, 3, 3889, 1, 0, 0, '2023-06-01 04:46:46', '2023-06-01 04:46:46'),
(3261, 3, 3890, 1, 0, 0, '2023-06-01 04:46:46', '2023-06-01 04:46:46'),
(3262, 3, 3891, 1, 0, 0, '2023-06-01 04:46:46', '2023-06-01 04:46:46'),
(3263, 3, 3892, 1, 0, 0, '2023-06-01 04:46:46', '2023-06-01 04:46:46'),
(3264, 3, 3893, 1, 0, 0, '2023-06-01 04:46:46', '2023-06-01 04:46:46'),
(3265, 3, 3894, 1, 0, 0, '2023-06-01 04:46:46', '2023-06-01 04:46:46'),
(3266, 3, 3895, 1, 0, 0, '2023-06-01 04:46:46', '2023-06-01 04:46:46'),
(3267, 3, 3896, 1, 0, 0, '2023-06-01 04:46:46', '2023-06-01 04:46:46'),
(3268, 3, 3897, 1, 0, 0, '2023-06-01 04:46:46', '2023-06-01 04:46:46'),
(3269, 3, 3898, 1, 0, 0, '2023-06-01 04:46:46', '2023-06-01 04:46:46'),
(3270, 3, 3899, 1, 0, 0, '2023-06-01 04:46:46', '2023-06-01 04:46:46'),
(3271, 3, 3900, 1, 0, 0, '2023-06-01 04:46:46', '2023-06-01 04:46:46'),
(3272, 3, 3901, 1, 0, 0, '2023-06-01 04:46:46', '2023-06-01 04:46:46'),
(3273, 3, 3902, 1, 0, 0, '2023-06-01 04:46:46', '2023-06-01 04:46:46'),
(3274, 3, 3903, 1, 0, 0, '2023-06-01 04:46:46', '2023-06-01 04:46:46'),
(3275, 3, 3904, 1, 0, 0, '2023-06-01 04:46:46', '2023-06-01 04:46:46'),
(3276, 3, 3905, 1, 0, 0, '2023-06-01 04:46:46', '2023-06-01 04:46:46'),
(3277, 3, 3906, 1, 0, 0, '2023-06-01 04:46:46', '2023-06-01 04:46:46'),
(3278, 3, 3907, 1, 0, 0, '2023-06-01 04:46:46', '2023-06-01 04:46:46'),
(3279, 3, 3908, 1, 0, 0, '2023-06-01 04:46:46', '2023-06-01 04:46:46'),
(3280, 3, 3909, 1, 0, 0, '2023-06-01 04:46:46', '2023-06-01 04:46:46'),
(3281, 3, 3910, 1, 0, 0, '2023-06-01 04:46:46', '2023-06-01 04:46:46');

-- --------------------------------------------------------

--
-- Estructura de tabla para la tabla `migrations`
--

CREATE TABLE `migrations` (
  `id` int(10) UNSIGNED NOT NULL,
  `migration` varchar(255) NOT NULL,
  `batch` int(11) NOT NULL
) ENGINE=InnoDB DEFAULT CHARSET=utf8mb4 COLLATE=utf8mb4_unicode_ci;

--
-- Volcado de datos para la tabla `migrations`
--

INSERT INTO `migrations` (`id`, `migration`, `batch`) VALUES
(1, '2014_10_12_000000_create_users_table', 1),
(2, '2014_10_12_100000_create_password_reset_tokens_table', 1),
(3, '2014_10_12_100000_create_password_resets_table', 1),
(4, '2019_08_19_000000_create_failed_jobs_table', 1),
(5, '2019_12_14_000001_create_personal_access_tokens_table', 1),
(6, '2023_04_13_040352_create_categorias_table', 1),
(7, '2023_04_13_040353_create_empresas_table', 1),
(8, '2023_04_13_040452_create_proveedores_table', 1),
(9, '2023_04_13_040607_create_clientes_table', 1),
(10, '2023_04_13_040706_create_productos_table', 1),
(11, '2023_04_13_040757_create_depositos_table', 1),
(12, '2023_04_13_040849_create_almacenes_table', 1),
(13, '2023_04_13_041017_create_doc_almacenes_table', 1),
(14, '2023_04_13_041101_create_empleados_table', 1),
(15, '2023_04_13_041137_create_inventarios_table', 1),
(16, '2023_04_13_041201_create_compras_table', 1),
(17, '2023_04_13_041227_create_detalle_compras_table', 1),
(18, '2023_04_13_041309_create_cajas_table', 1),
(19, '2023_04_13_041337_create_movimento_cajas_table', 1),
(20, '2023_04_13_041412_create_historiales_table', 1),
(21, '2023_04_13_041451_create_venta_cabeceras_table', 1),
(22, '2023_04_13_041518_create_venta_detalles_table', 1);

-- --------------------------------------------------------

--
-- Estructura de tabla para la tabla `movimiento_cajas`
--

CREATE TABLE `movimiento_cajas` (
  `id` bigint(20) UNSIGNED NOT NULL,
  `usuario_id` bigint(20) UNSIGNED NOT NULL,
  `almacen_id` bigint(20) UNSIGNED NOT NULL,
  `tipo` varchar(255) NOT NULL,
  `descripcion` varchar(255) NOT NULL,
  `monto` double(8,2) NOT NULL,
  `fecha` timestamp NOT NULL DEFAULT current_timestamp(),
  `created_at` timestamp NULL DEFAULT NULL,
  `updated_at` timestamp NULL DEFAULT NULL
) ENGINE=InnoDB DEFAULT CHARSET=utf8mb4 COLLATE=utf8mb4_unicode_ci;

-- --------------------------------------------------------

--
-- Estructura de tabla para la tabla `password_resets`
--

CREATE TABLE `password_resets` (
  `email` varchar(255) NOT NULL,
  `token` varchar(255) NOT NULL,
  `created_at` timestamp NULL DEFAULT NULL
) ENGINE=InnoDB DEFAULT CHARSET=utf8mb4 COLLATE=utf8mb4_unicode_ci;

-- --------------------------------------------------------

--
-- Estructura de tabla para la tabla `password_reset_tokens`
--

CREATE TABLE `password_reset_tokens` (
  `email` varchar(255) NOT NULL,
  `token` varchar(255) NOT NULL,
  `created_at` timestamp NULL DEFAULT NULL
) ENGINE=InnoDB DEFAULT CHARSET=utf8mb4 COLLATE=utf8mb4_unicode_ci;

-- --------------------------------------------------------

--
-- Estructura de tabla para la tabla `personal_access_tokens`
--

CREATE TABLE `personal_access_tokens` (
  `id` bigint(20) UNSIGNED NOT NULL,
  `tokenable_type` varchar(255) NOT NULL,
  `tokenable_id` bigint(20) UNSIGNED NOT NULL,
  `name` varchar(255) NOT NULL,
  `token` varchar(64) NOT NULL,
  `abilities` text DEFAULT NULL,
  `last_used_at` timestamp NULL DEFAULT NULL,
  `expires_at` timestamp NULL DEFAULT NULL,
  `created_at` timestamp NULL DEFAULT NULL,
  `updated_at` timestamp NULL DEFAULT NULL
) ENGINE=InnoDB DEFAULT CHARSET=utf8mb4 COLLATE=utf8mb4_unicode_ci;

-- --------------------------------------------------------

--
-- Estructura de tabla para la tabla `productos`
--

CREATE TABLE `productos` (
  `id` bigint(20) UNSIGNED NOT NULL,
  `categoria_id` bigint(20) UNSIGNED NOT NULL,
  `proveedor_id` bigint(20) UNSIGNED NOT NULL,
  `descripcion` varchar(255) NOT NULL,
  `codigo_barras` varchar(255) NOT NULL,
  `precio_compra` float(10,2) NOT NULL,
  `precio_venta` float(10,2) NOT NULL,
  `precio_mayoreo` float(10,2) NOT NULL,
  `precio_oferta` float(10,2) NOT NULL,
  `cantidad_caja` int(11) NOT NULL,
  `created_at` timestamp NULL DEFAULT NULL,
  `updated_at` timestamp NULL DEFAULT NULL
) ENGINE=InnoDB DEFAULT CHARSET=utf8mb4 COLLATE=utf8mb4_unicode_ci;

--
-- Volcado de datos para la tabla `productos`
--

INSERT INTO `productos` (`id`, `categoria_id`, `proveedor_id`, `descripcion`, `codigo_barras`, `precio_compra`, `precio_venta`, `precio_mayoreo`, `precio_oferta`, `cantidad_caja`, `created_at`, `updated_at`) VALUES
(3614, 27, 7, 'Abolengo Servilletas 40 Und', '7806500241294', 130.00, 550.00, 0.00, 0.00, 40, '2023-06-01 04:37:43', '2023-06-19 22:57:38'),
(3615, 27, 7, 'Abolengo Xl 100 Metros', '7806500406389', 2290.00, 2690.00, 0.00, 0.00, 6, '2023-06-01 04:37:43', '2023-06-01 04:37:43'),
(3616, 4, 8, 'Ammens Pack 210ml+75ml', '7804945049901', 3390.00, 4200.00, 0.00, 0.00, 12, '2023-06-01 04:37:43', '2023-06-01 04:37:43'),
(3617, 3, 9, 'Apositos Blu Talla M 20 Unidades', '7806519000004', 1790.00, 2430.00, 0.00, 0.00, 14, '2023-06-01 04:37:44', '2023-06-01 04:37:44'),
(3618, 4, 7, 'Axe Apollo', '7791293041100', 1460.00, 1900.00, 0.00, 0.00, 12, '2023-06-01 04:37:44', '2023-06-01 04:37:44'),
(3619, 4, 7, 'Axe Dark Temptation', '7791293041070', 1460.00, 1900.00, 0.00, 0.00, 12, '2023-06-01 04:37:44', '2023-06-01 04:37:44'),
(3620, 4, 7, 'Axe Marine', '8712561249638', 1460.00, 1900.00, 0.00, 0.00, 12, '2023-06-01 04:37:45', '2023-06-01 04:37:45'),
(3621, 4, 7, 'Axe Musk', '7791293041094', 1460.00, 1900.00, 0.00, 0.00, 12, '2023-06-01 04:37:45', '2023-06-01 04:37:45'),
(3622, 1, 7, 'BabySec Premium G 18 Und', '7806500799481', 2790.00, 3750.00, 0.00, 0.00, 8, '2023-06-01 04:37:45', '2023-06-20 21:48:17'),
(3623, 1, 7, 'BabySec Premium M 20 Und', '7806500799160', 2790.00, 3750.00, 0.00, 0.00, 8, '2023-06-01 04:37:46', '2023-06-20 21:48:17'),
(3624, 1, 7, 'BabySec Premium P 20 Und', '7806500799153', 2850.00, 3750.00, 0.00, 0.00, 8, '2023-06-01 04:37:47', '2023-06-01 04:37:47'),
(3625, 1, 7, 'BabySec Premium Xg 14 Und', '7806500799498', 2850.00, 3750.00, 0.00, 0.00, 8, '2023-06-01 04:37:47', '2023-06-01 04:37:47'),
(3626, 1, 7, 'BabySec Premium Xxg 14 Und', '7806500799504', 2850.00, 3750.00, 0.00, 0.00, 8, '2023-06-01 04:37:47', '2023-06-01 04:37:47'),
(3627, 1, 10, 'BabySec Super Premium G 18 Und', '7806500799528', 3100.00, 4160.00, 0.00, 0.00, 8, '2023-06-01 04:37:48', '2023-06-01 04:37:48'),
(3628, 1, 10, 'BabySec Super Premium Xg 14 Und', '7806500799511', 3100.00, 4160.00, 0.00, 0.00, 8, '2023-06-01 04:37:48', '2023-06-01 04:37:48'),
(3629, 1, 10, 'BabySec Super Premium Xxg 14 Und', '7806500799535', 3100.00, 4160.00, 0.00, 0.00, 8, '2023-06-01 04:37:48', '2023-06-01 04:37:48'),
(3630, 4, 9, 'Babyland Acondicionador Clasico 410ml', '7804945005860', 1630.00, 2060.00, 0.00, 0.00, 12, '2023-06-01 04:37:49', '2023-06-01 04:37:49'),
(3631, 4, 9, 'Babyland Balsamo Manzanilla 410ml', '7804945007390', 1630.00, 2060.00, 0.00, 0.00, 12, '2023-06-01 04:37:49', '2023-06-01 04:37:49'),
(3632, 4, 7, 'Babyland Colonia Amarilla 260ml', '7804945076150', 1485.00, 1890.00, 0.00, 0.00, 12, '2023-06-01 04:37:50', '2023-06-01 04:37:50'),
(3633, 4, 7, 'Babyland Colonia Celeste 260ml', '7804945076167', 1485.00, 1890.00, 0.00, 0.00, 12, '2023-06-01 04:37:50', '2023-06-01 04:37:50'),
(3634, 4, 7, 'Babyland Colonia Lila 260ml', '7804945076143', 1485.00, 1890.00, 0.00, 0.00, 12, '2023-06-01 04:37:50', '2023-06-01 04:37:50'),
(3635, 4, 7, 'Babyland Colonia Pink 210ml', '7804945076136', 1485.00, 1890.00, 0.00, 0.00, 12, '2023-06-01 04:37:51', '2023-06-01 04:37:51'),
(3636, 4, 7, 'Babyland Colonia Rosada 260ml', '7804945076174', 1485.00, 1890.00, 0.00, 0.00, 12, '2023-06-01 04:37:52', '2023-06-01 04:37:52'),
(3637, 4, 7, 'Babyland Colonia Verde 210ml', '7804945076129', 1485.00, 1890.00, 0.00, 0.00, 12, '2023-06-01 04:37:52', '2023-06-01 04:37:52'),
(3638, 4, 8, 'Babyland Emulsionado 410ml', '7804945007314', 1399.00, 1920.00, 0.00, 0.00, 12, '2023-06-01 04:37:52', '2023-06-01 04:37:52'),
(3639, 4, 8, 'Babyland Jabon De Glicerina 750 Ml', '7804945071414', 1099.00, 1520.00, 0.00, 0.00, 12, '2023-06-01 04:37:53', '2023-06-01 04:37:53'),
(3640, 4, 8, 'Babyland Mamadera 240ml', '7804945078017', 1690.00, 2300.00, 0.00, 0.00, 12, '2023-06-01 04:37:53', '2023-06-01 04:37:53'),
(3641, 4, 9, 'Babyland Shampoo Evita Lagrimas 410ml', '7804945072107', 1690.00, 2130.00, 0.00, 0.00, 12, '2023-06-01 04:37:54', '2023-06-01 04:37:54'),
(3642, 4, 9, 'Babyland Shampoo Manzanilla 410ml', '7804945007345', 1690.00, 2130.00, 0.00, 0.00, 12, '2023-06-01 04:37:54', '2023-06-01 04:37:54'),
(3643, 4, 9, 'Babyland Shampoo Neutro 410 Ml', '7804945007413', 1690.00, 2130.00, 0.00, 0.00, 12, '2023-06-01 04:37:55', '2023-06-01 04:37:55'),
(3644, 4, 9, 'Babyland Talco 200g', '7804945007819', 1910.00, 2400.00, 0.00, 0.00, 12, '2023-06-01 04:37:55', '2023-06-01 04:37:55'),
(3645, 4, 9, 'Babyland Talco Repuesto 200g', '7804945007826', 1490.00, 2040.00, 0.00, 0.00, 12, '2023-06-01 04:37:55', '2023-06-01 04:37:55'),
(3646, 1, 11, 'Babysec Rn 34 Und', '7806500792284', 6280.00, 7400.00, 0.00, 0.00, 4, '2023-06-01 04:37:55', '2023-06-01 04:37:55'),
(3647, 4, 11, 'Babysec Toallitas Humedas 45 Und', '7806500731177', 730.00, 1030.00, 0.00, 0.00, 10, '2023-06-01 04:37:56', '2023-06-01 04:37:56'),
(3648, 1, 10, 'Babysec Voy A Dormir 14 Und', '7806500799108', 5500.00, 6500.00, 0.00, 0.00, 4, '2023-06-01 04:37:56', '2023-06-01 04:37:56'),
(3649, 27, 7, 'Bakan Bolsa De Basura 50x70', '7809634802102', 350.00, 530.00, 0.00, 0.00, 50, '2023-06-01 04:37:56', '2023-06-01 04:37:56'),
(3650, 27, 7, 'Bakan Bolsa De Basura 70x90', '7809634802096', 790.00, 1110.00, 0.00, 0.00, 25, '2023-06-01 04:37:56', '2023-06-01 04:37:56'),
(3651, 27, 7, 'Bakan Bolsa De Basura 80x110', '7809634802089', 1100.00, 1520.00, 0.00, 0.00, 20, '2023-06-01 04:37:57', '2023-06-01 04:37:57'),
(3652, 4, 12, 'Ballerina Acond Aceite Coco Y Argan', '7804920005915', 1090.00, 1510.00, 0.00, 0.00, 10, '2023-06-01 04:37:57', '2023-06-01 04:37:57'),
(3653, 4, 12, 'Ballerina Acond Aceite Coco Y Jazmin', '7804920003058', 1090.00, 1510.00, 0.00, 0.00, 10, '2023-06-01 04:37:57', '2023-06-01 04:37:57'),
(3654, 4, 12, 'Ballerina Acond Bajopoo Agua Coco Y Flor Cactus', '7804920005908', 1090.00, 1510.00, 0.00, 0.00, 10, '2023-06-01 04:37:57', '2023-06-01 04:37:57'),
(3655, 4, 12, 'Ballerina Acond Detox Hierbas Silvestres', '7804920005274', 1090.00, 1510.00, 0.00, 0.00, 10, '2023-06-01 04:37:58', '2023-06-01 04:37:58'),
(3656, 4, 12, 'Ballerina Acond Detox Romero Jengibre', '7804920005670', 1090.00, 1510.00, 0.00, 0.00, 10, '2023-06-01 04:37:58', '2023-06-01 04:37:58'),
(3657, 4, 12, 'Ballerina Acond Granada', '7804920003218', 1090.00, 1510.00, 0.00, 0.00, 10, '2023-06-01 04:37:59', '2023-06-01 04:37:59'),
(3658, 4, 12, 'Ballerina Acond Hierbas', '7804920045003', 1090.00, 1510.00, 0.00, 0.00, 10, '2023-06-01 04:37:59', '2023-06-01 04:37:59'),
(3659, 4, 12, 'Ballerina Acond Manzanillla', '7804920055040', 1090.00, 1510.00, 0.00, 0.00, 10, '2023-06-01 04:37:59', '2023-06-01 04:37:59'),
(3660, 4, 12, 'Ballerina Acond Maqui & Acai', '7804920006189', 1090.00, 1510.00, 0.00, 0.00, 10, '2023-06-01 04:38:00', '2023-06-01 04:38:00'),
(3661, 4, 12, 'Ballerina Acond Palta Y Almendra', '7804920003232', 1090.00, 1510.00, 0.00, 0.00, 10, '2023-06-01 04:38:00', '2023-06-01 04:38:00'),
(3662, 4, 12, 'Ballerina Baby Line Jabon Hipoalergenico', '7804920350893', 1090.00, 1510.00, 0.00, 0.00, 10, '2023-06-01 04:38:01', '2023-06-01 04:38:01'),
(3663, 4, 12, 'Ballerina Jabon Avena y Aceite de Almendras', '7804920230232', 1090.00, 1510.00, 0.00, 0.00, 10, '2023-06-01 04:38:01', '2023-06-01 04:38:01'),
(3664, 4, 12, 'Ballerina Jabon Crema Humectante', '7804920350831', 1090.00, 1510.00, 0.00, 0.00, 10, '2023-06-01 04:38:02', '2023-06-01 04:38:02'),
(3665, 4, 12, 'Ballerina Jabon Granada Glicerina', '7804920003164', 1090.00, 1510.00, 0.00, 0.00, 10, '2023-06-01 04:38:02', '2023-06-01 04:38:02'),
(3666, 4, 12, 'Ballerina Jabon Hipoalergenico 900ml', '7804920350862', 1090.00, 1510.00, 0.00, 0.00, 10, '2023-06-01 04:38:02', '2023-06-01 04:38:02'),
(3667, 4, 12, 'Ballerina Jabon Manzana y Miel', '7804920002778', 1090.00, 1510.00, 0.00, 0.00, 10, '2023-06-01 04:38:02', '2023-06-01 04:38:02'),
(3668, 4, 12, 'Ballerina Jabon Maqui Y Acai', '7804920006257', 1090.00, 1510.00, 0.00, 0.00, 10, '2023-06-01 04:38:03', '2023-06-01 04:38:03'),
(3669, 4, 12, 'Ballerina Jabon Violeta Silvestres 1000ml', '7804920350855', 1090.00, 1510.00, 0.00, 0.00, 10, '2023-06-01 04:38:03', '2023-06-01 04:38:03'),
(3670, 4, 12, 'Ballerina Jabon Yoghurt Y Arandanos', '7804920012166', 1090.00, 1510.00, 0.00, 0.00, 10, '2023-06-01 04:38:03', '2023-06-01 04:38:03'),
(3671, 4, 12, 'Ballerina Jabon Yoghurt Y Berries Vainilla', '7804920002761', 1090.00, 1510.00, 0.00, 0.00, 10, '2023-06-01 04:38:03', '2023-06-01 04:38:03'),
(3672, 4, 12, 'Ballerina Jabon Yoghurt Y Miel', '7804920000620', 1090.00, 1510.00, 0.00, 0.00, 10, '2023-06-01 04:38:04', '2023-06-01 04:38:04'),
(3673, 4, 12, 'Ballerina Jabon Yoghurt Y Vainilla Coco', '7804920001689', 1090.00, 1510.00, 0.00, 0.00, 10, '2023-06-01 04:38:04', '2023-06-01 04:38:04'),
(3674, 4, 12, 'Ballerina Shampoo Aceite De Coco', '7804920003416', 1090.00, 1510.00, 0.00, 0.00, 10, '2023-06-01 04:38:04', '2023-06-01 04:38:04'),
(3675, 4, 12, 'Ballerina Shampoo Aceite De Coco Y Argan', '7804920005878', 1090.00, 1510.00, 0.00, 0.00, 10, '2023-06-01 04:38:04', '2023-06-01 04:38:04'),
(3676, 4, 12, 'Ballerina Shampoo Agua de Coco Flor de Cactus', '7804920005861', 1090.00, 1510.00, 0.00, 0.00, 10, '2023-06-01 04:38:05', '2023-06-01 04:38:05'),
(3677, 4, 12, 'Ballerina Shampoo Detox Hierbas Silvestres', '7804920005144', 1090.00, 1510.00, 0.00, 0.00, 10, '2023-06-01 04:38:05', '2023-06-01 04:38:05'),
(3678, 4, 12, 'Ballerina Shampoo Detox Romero Genjiibre', '7804920005663', 1090.00, 1510.00, 0.00, 0.00, 10, '2023-06-01 04:38:05', '2023-06-01 04:38:05'),
(3679, 4, 12, 'Ballerina Shampoo Granada', '7804920003201', 1090.00, 1510.00, 0.00, 0.00, 10, '2023-06-01 04:38:06', '2023-06-01 04:38:06'),
(3680, 4, 12, 'Ballerina Shampoo Manzanilla', '7804920018779', 1090.00, 1510.00, 0.00, 0.00, 10, '2023-06-01 04:38:06', '2023-06-01 04:38:06'),
(3681, 4, 12, 'Ballerina Shampoo Maqui Y Acai', '7804920006172', 1090.00, 1510.00, 0.00, 0.00, 10, '2023-06-01 04:38:06', '2023-06-01 04:38:06'),
(3682, 4, 12, 'Ballerina Shampoo Palta', '7804920003225', 1090.00, 1510.00, 0.00, 0.00, 10, '2023-06-01 04:38:06', '2023-06-01 04:38:06'),
(3683, 4, 12, 'Ballerina Shampoo hipoalergenico', '7804920019349', 1090.00, 1510.00, 0.00, 0.00, 10, '2023-06-01 04:38:07', '2023-06-01 04:38:07'),
(3684, 27, 9, 'Bio Frescura Polvo Campos de Hielo 800g', '7804609730534', 1250.00, 1690.00, 0.00, 0.00, 20, '2023-06-01 04:38:07', '2023-06-01 04:38:07'),
(3685, 27, 9, 'Bio Frescura Polvo Desierto Florido 800g', '7804609730268', 1250.00, 1690.00, 0.00, 0.00, 20, '2023-06-01 04:38:07', '2023-06-01 04:38:07'),
(3686, 4, 8, 'Chikool Cepillo De Dientes +2', '6926597171869', 450.00, 660.00, 0.00, 0.00, 12, '2023-06-01 04:38:07', '2023-06-01 04:38:07'),
(3687, 4, 8, 'Chikool Cepillo De Dientes +5', '6926597171999', 450.00, 660.00, 0.00, 0.00, 12, '2023-06-01 04:38:08', '2023-06-01 04:38:08'),
(3688, 4, 8, 'Chikool Cepillo De Dientes Adulto', '6926597173764', 450.00, 660.00, 0.00, 0.00, 12, '2023-06-01 04:38:08', '2023-06-01 04:38:08'),
(3689, 1, 8, 'Chikool Cool G 40 Und', '6957931412676', 4790.00, 6390.00, 0.00, 0.00, 6, '2023-06-01 04:38:08', '2023-06-01 04:38:08'),
(3690, 1, 8, 'Chikool Cool M 44 Und', '6957931412669', 4790.00, 6390.00, 0.00, 0.00, 6, '2023-06-01 04:38:08', '2023-06-01 04:38:08'),
(3691, 1, 8, 'Chikool Cool Xg 32 Und', '6957931412683', 4790.00, 6390.00, 0.00, 0.00, 6, '2023-06-01 04:38:09', '2023-06-01 04:38:09'),
(3692, 1, 8, 'Chikool Cool Xxg 32 Und', '6957931412690', 4790.00, 6390.00, 0.00, 0.00, 6, '2023-06-01 04:38:09', '2023-06-01 04:38:09'),
(3693, 4, 8, 'Chikool Copos De Algodon 50und', '6920180310093', 499.00, 730.00, 0.00, 0.00, 24, '2023-06-01 04:38:09', '2023-06-01 04:38:09'),
(3694, 4, 8, 'Chikool Cotonitos De Seguridad 55 Und', '6920180301190', 590.00, 850.00, 0.00, 0.00, 24, '2023-06-01 04:38:10', '2023-06-01 04:38:10'),
(3695, 1, 8, 'Chikool Pants  Xg 30 Und', '6957931412706', 6190.00, 8240.00, 0.00, 0.00, 6, '2023-06-01 04:38:10', '2023-06-01 04:38:10'),
(3696, 1, 8, 'Chikool Pants  Xxg 30 Und', '6957931412713', 6190.00, 8240.00, 0.00, 0.00, 6, '2023-06-01 04:38:10', '2023-06-01 04:38:10'),
(3697, 1, 8, 'Chikool Pants G 32 Und', '6942648911178', 6190.00, 8240.00, 0.00, 0.00, 6, '2023-06-01 04:38:10', '2023-06-01 04:38:10'),
(3698, 1, 8, 'Chikool Pants Xxxg 28 Und', '6957931418166', 6190.00, 8240.00, 0.00, 0.00, 6, '2023-06-01 04:38:11', '2023-06-01 04:38:11'),
(3699, 4, 8, 'Chikool Petalos 80 Und', '6920180311120', 790.00, 1050.00, 0.00, 0.00, 24, '2023-06-01 04:38:11', '2023-06-01 04:38:11'),
(3700, 3, 8, 'Chikool Plus Adulto G 20 Und', '6957931415752', 9290.00, 12330.00, 0.00, 0.00, 4, '2023-06-01 04:38:11', '2023-06-01 04:38:11'),
(3701, 3, 8, 'Chikool Plus Adulto XG 20 Und', '6957931415769', 9290.00, 12330.00, 0.00, 0.00, 4, '2023-06-01 04:38:11', '2023-06-01 04:38:11'),
(3702, 1, 8, 'Chikool Super Cool G 40 Und', '6957931415707', 4999.00, 6670.00, 0.00, 0.00, 6, '2023-06-01 04:38:12', '2023-06-01 04:38:12'),
(3703, 1, 8, 'Chikool Super Cool M 44 Und', '6942648911208', 4999.00, 6670.00, 0.00, 0.00, 6, '2023-06-01 04:38:12', '2023-06-01 04:38:12'),
(3704, 1, 8, 'Chikool Super Cool Rn 36 Und', '6942648911185', 4999.00, 6170.00, 0.00, 0.00, 6, '2023-06-01 04:38:12', '2023-06-01 04:38:12'),
(3705, 1, 8, 'Chikool Super Cool Xg 32 Und', '6957931415714', 4999.00, 6670.00, 0.00, 0.00, 6, '2023-06-01 04:38:13', '2023-06-01 04:38:13'),
(3706, 1, 8, 'Chikool Super Cool Xxg 32 Und', '6957931415721', 4990.00, 6670.00, 0.00, 0.00, 6, '2023-06-01 04:38:13', '2023-06-01 04:38:13'),
(3707, 1, 8, 'Chikool Super Cool Xxxg 28 Und', '6957931419149', 4990.00, 6670.00, 0.00, 0.00, 6, '2023-06-01 04:38:13', '2023-06-01 04:38:13'),
(3708, 27, 8, 'Chikool Toallitas Desinfectante 80 Und', '6942648911055', 1990.00, 2500.00, 0.00, 0.00, 18, '2023-06-01 04:38:13', '2023-06-01 04:38:13'),
(3709, 4, 8, 'Chikool Toallitas Humedas Super Cool 80 Und', '6957931415653', 1095.00, 1510.00, 0.00, 0.00, 18, '2023-06-01 04:38:14', '2023-06-01 04:38:14'),
(3710, 27, 7, 'Clorinda Cloro 1 Litro', '7805080100021', 940.00, 1220.00, 0.00, 0.00, 12, '2023-06-01 04:38:14', '2023-06-01 04:38:14'),
(3711, 4, 7, 'Colgate Triple Accion 75ml', '7509546000985', 849.00, 1190.00, 0.00, 0.00, 12, '2023-06-01 04:38:14', '2023-06-01 04:38:14'),
(3712, 27, 7, 'Confort 4 Und 30 Mts', '7806500505006', 940.00, 1290.00, 0.00, 0.00, 12, '2023-06-01 04:38:15', '2023-06-01 04:38:15'),
(3713, 3, 7, 'Cotidian Plus G 20 Und', '7806500775089', 9890.00, 13120.00, 0.00, 0.00, 4, '2023-06-01 04:38:15', '2023-06-01 04:38:15'),
(3714, 4, 13, 'Dove Men Barra Cuidado Total', '75031060', 1590.00, 2170.00, 0.00, 0.00, 12, '2023-06-01 04:38:16', '2023-06-01 04:38:16'),
(3715, 4, 13, 'Dove Men Sp Cuidado Total', '7791293012087', 1590.00, 2170.00, 0.00, 0.00, 12, '2023-06-01 04:38:16', '2023-06-01 04:38:16'),
(3716, 4, 13, 'Dove Men Sp Extra Fresh', '7791293012063', 1590.00, 2170.00, 0.00, 0.00, 12, '2023-06-01 04:38:16', '2023-06-01 04:38:16'),
(3717, 4, 13, 'Dove Men Sp Invisible Dry', '7791293022819', 1590.00, 2170.00, 0.00, 0.00, 12, '2023-06-01 04:38:17', '2023-06-01 04:38:17'),
(3718, 4, 13, 'Dove Men Sp Proteccion Total', '7791293043210', 1590.00, 2170.00, 0.00, 0.00, 12, '2023-06-01 04:38:17', '2023-06-01 04:38:17'),
(3719, 4, 13, 'Dove Men Sp Sin Perfume', '7791293014838', 1590.00, 2170.00, 0.00, 0.00, 12, '2023-06-01 04:38:17', '2023-06-01 04:38:17'),
(3720, 4, 13, 'Dove Men Sp Talc Mineral', '8710908554094', 1590.00, 2170.00, 0.00, 0.00, 12, '2023-06-01 04:38:18', '2023-06-01 04:38:18'),
(3721, 4, 13, 'Dove Woman Barra Dermo Aclarant', '75034238', 1590.00, 2170.00, 0.00, 0.00, 12, '2023-06-01 04:38:18', '2023-06-01 04:38:18'),
(3722, 4, 13, 'Dove Woman Barra Invisble Dry', '75027537', 1590.00, 2170.00, 0.00, 0.00, 12, '2023-06-01 04:38:18', '2023-06-01 04:38:18'),
(3723, 4, 13, 'Dove Woman Barra Original', '75027513', 1590.00, 2170.00, 0.00, 0.00, 12, '2023-06-01 04:38:18', '2023-06-01 04:38:18'),
(3724, 4, 13, 'Dove Woman Sp Beatuty Finish', '7791293014012', 1590.00, 2170.00, 0.00, 0.00, 12, '2023-06-01 04:38:19', '2023-06-01 04:38:19'),
(3725, 4, 13, 'Dove Woman Sp Go Fresh Crema Humectante', '7791293040028', 1590.00, 2170.00, 0.00, 0.00, 12, '2023-06-01 04:38:19', '2023-06-01 04:38:19'),
(3726, 4, 13, 'Dove Woman Sp Go Fresh Pepino', '8717163964965', 1590.00, 2170.00, 0.00, 0.00, 12, '2023-06-01 04:38:19', '2023-06-01 04:38:19'),
(3727, 4, 13, 'Dove Woman Sp Go Fresh Pera', '7791293034584', 1590.00, 2170.00, 0.00, 0.00, 12, '2023-06-01 04:38:19', '2023-06-01 04:38:19'),
(3728, 4, 13, 'Dove Woman Sp Go Fresh Pomelo', '7791293033259', 1590.00, 2170.00, 0.00, 0.00, 12, '2023-06-01 04:38:20', '2023-06-01 04:38:20'),
(3729, 4, 13, 'Dove Woman Sp Invisible Care', '7791293036458', 1590.00, 2170.00, 0.00, 0.00, 12, '2023-06-01 04:38:20', '2023-06-01 04:38:20'),
(3730, 4, 13, 'Dove Woman Sp Invisible Dry', '7791293041179', 1590.00, 2170.00, 0.00, 0.00, 12, '2023-06-01 04:38:20', '2023-06-01 04:38:20'),
(3731, 4, 13, 'Dove Woman Sp Original', '8717163965030', 1590.00, 2170.00, 0.00, 0.00, 12, '2023-06-01 04:38:21', '2023-06-01 04:38:21'),
(3732, 27, 9, 'Downy Suavizante Concentrado Brisa de Verano 500ml', '7506195143834', 2290.00, 2750.00, 0.00, 0.00, 12, '2023-06-01 04:38:21', '2023-06-01 04:38:21'),
(3733, 27, 7, 'Elite Confort 4 Und 50mts', '7806500509820', 2240.00, 3030.00, 0.00, 0.00, 12, '2023-06-01 04:38:21', '2023-06-01 04:38:21'),
(3734, 4, 9, 'Elite Pañuelo Desechable Und', '7806500172116', 115.00, 170.00, 0.00, 0.00, 18, '2023-06-01 04:38:21', '2023-06-01 04:38:21'),
(3735, 1, 14, 'Emubaby G 18 Und', '7804603542270', 2405.00, 3240.00, 0.00, 0.00, 8, '2023-06-01 04:38:22', '2023-06-01 04:38:22'),
(3736, 1, 14, 'Emubaby M 22 Und', '7804603542294', 2405.00, 3240.00, 0.00, 0.00, 8, '2023-06-01 04:38:22', '2023-06-01 04:38:22'),
(3737, 1, 14, 'Emubaby P 24 Und', '7804603541983', 2405.00, 3240.00, 0.00, 0.00, 8, '2023-06-01 04:38:22', '2023-06-01 04:38:22'),
(3738, 4, 14, 'Emubaby Pack 2 Toallitas Con Tapa 160 Und', '7804603541419', 2100.00, 2840.00, 0.00, 0.00, 9, '2023-06-01 04:38:23', '2023-06-01 04:38:23'),
(3739, 4, 14, 'Emubaby Pack 2 Toallitas Sin Tapa 160 Und', '7804603541723', 1665.00, 2270.00, 0.00, 0.00, 12, '2023-06-01 04:38:23', '2023-06-01 04:38:23'),
(3740, 1, 14, 'Emubaby Pants Xg - Xxg 22 Und', '7804603542065', 4165.00, 5570.00, 0.00, 0.00, 8, '2023-06-01 04:38:23', '2023-06-01 04:38:23'),
(3741, 1, 14, 'Emubaby RN 40 Und', '7804603541976', 4165.00, 5570.00, 0.00, 0.00, 8, '2023-06-01 04:38:24', '2023-06-01 04:38:24'),
(3742, 4, 14, 'Emubaby Toallitas Humedas 10 Und', '7804603540962', 235.00, 380.00, 0.00, 0.00, 96, '2023-06-01 04:38:24', '2023-06-01 04:38:24'),
(3743, 4, 14, 'Emubaby Water', '7804603542249', 1350.00, 1850.00, 0.00, 0.00, 20, '2023-06-01 04:38:24', '2023-06-01 04:38:24'),
(3744, 1, 14, 'Emubaby Xg 14 Und', '7804603542010', 2405.00, 3240.00, 0.00, 0.00, 8, '2023-06-01 04:38:24', '2023-06-01 04:38:24'),
(3745, 1, 14, 'Emubaby Xxg 14 Und', '7804603542027', 2405.00, 3240.00, 0.00, 0.00, 8, '2023-06-01 04:38:25', '2023-06-01 04:38:25'),
(3746, 4, 14, 'Emuglos 100g', '7804603540122', 1790.00, 2430.00, 0.00, 0.00, 15, '2023-06-01 04:38:25', '2023-06-01 04:38:25'),
(3747, 4, 14, 'Emuline Toa Desmaquillante Tripack', '7804603541433', 1425.00, 1950.00, 0.00, 0.00, 16, '2023-06-01 04:38:25', '2023-06-01 04:38:25'),
(3748, 4, 14, 'Emumed Locion Anti Escaras 150g', '7804603540801', 1900.00, 2580.00, 0.00, 0.00, 40, '2023-06-01 04:38:26', '2023-06-01 04:38:26'),
(3749, 3, 14, 'Emumed Pants G 18 Und', '7804603542225', 7080.00, 9950.00, 0.00, 0.00, 4, '2023-06-01 04:38:26', '2023-06-01 04:38:26'),
(3750, 3, 14, 'Emumed Pants M 18 Und', '7804603542218', 7080.00, 9950.00, 0.00, 0.00, 4, '2023-06-01 04:38:26', '2023-06-01 04:38:26'),
(3751, 3, 14, 'Emumed Pañal G 20 Und', '7804603542171', 8290.00, 11200.00, 0.00, 0.00, 3, '2023-06-01 04:38:26', '2023-06-01 04:38:26'),
(3752, 3, 14, 'Emumed Pañal M 20 Und', '7804603542164', 8290.00, 11200.00, 0.00, 0.00, 3, '2023-06-01 04:38:27', '2023-06-01 04:38:27'),
(3753, 3, 14, 'Emumed Toallitas Adulto 50 Und', '7804603542232', 1290.00, 1950.00, 0.00, 0.00, 12, '2023-06-01 04:38:27', '2023-06-01 04:38:27'),
(3754, 4, 7, 'Fiorella Protectores Diarios 100 Und', '7809536100870', 1400.00, 1990.00, 0.00, 0.00, 12, '2023-06-01 04:38:27', '2023-06-01 04:38:27'),
(3755, 4, 9, 'Fitting Talco Pies 100g', '7800018131764', 1150.00, 1750.00, 0.00, 0.00, 12, '2023-06-01 04:38:27', '2023-06-01 04:38:27'),
(3756, 1, 7, 'Fluo Cardent Kids Fresa 50g', '7702560042379', 690.00, 920.00, 0.00, 0.00, 12, '2023-06-01 04:38:28', '2023-06-01 04:38:28'),
(3757, 27, 15, 'Fraganza Aerosol Armonia Citrica 300ml', '786071067172', 890.00, 1150.00, 0.00, 0.00, 12, '2023-06-01 04:38:28', '2023-06-01 04:38:28'),
(3758, 27, 15, 'Fraganza Aerosol Campos De Lavanda 300ml', '786071067189', 890.00, 1150.00, 0.00, 0.00, 12, '2023-06-01 04:38:28', '2023-06-01 04:38:28'),
(3759, 27, 15, 'Fraganza Aerosol Flores De Primavera 300ml', '786071067196', 890.00, 1150.00, 0.00, 0.00, 12, '2023-06-01 04:38:28', '2023-06-01 04:38:28'),
(3760, 27, 15, 'Fraganza Aerosol Flores De Vainilla 300ml', '786071067165', 890.00, 1150.00, 0.00, 0.00, 12, '2023-06-01 04:38:29', '2023-06-01 04:38:29'),
(3761, 27, 15, 'Fraganza Aerosol Fresas del Bosque 300ml', '786071067202', 890.00, 1150.00, 0.00, 0.00, 12, '2023-06-01 04:38:29', '2023-06-01 04:38:29'),
(3762, 27, 8, 'Fuzol Antigrasa 500ml', '7804920282033', 699.00, 990.00, 0.00, 0.00, 12, '2023-06-01 04:38:29', '2023-06-01 04:38:29'),
(3763, 27, 8, 'Fuzol Baño 1 Litro', '7804920283030', 1099.00, 1520.00, 0.00, 0.00, 12, '2023-06-01 04:38:29', '2023-06-01 04:38:29'),
(3764, 27, 8, 'Fuzol Deter + Suavi Forte 1lts', '7804920005281', 1528.00, 2090.00, 0.00, 0.00, 12, '2023-06-01 04:38:30', '2023-06-01 04:38:30'),
(3765, 27, 8, 'Fuzol Detergente Forte 1lts', '7804920001108', 1780.00, 2420.00, 0.00, 0.00, 12, '2023-06-01 04:38:30', '2023-06-01 04:38:30'),
(3766, 27, 9, 'Fuzol Detergente Forte DP 1.5 Lts', '7804920015105', 1699.00, 2480.00, 0.00, 0.00, 4, '2023-06-01 04:38:30', '2023-06-01 04:38:30'),
(3767, 27, 8, 'Fuzol Detergente Hipo Piel Sensible 1lts', '7804920001535', 1799.00, 2440.00, 0.00, 0.00, 10, '2023-06-01 04:38:30', '2023-06-01 04:38:30'),
(3768, 27, 7, 'Fuzol Lavalozas Limon 1lts', '7804920280619', 1020.00, 1410.00, 0.00, 0.00, 10, '2023-06-01 04:38:31', '2023-06-01 04:38:31'),
(3769, 27, 7, 'Fuzol Suavizante Classic Hipoalergenico 1lts', '7804920280572', 890.00, 1240.00, 0.00, 0.00, 10, '2023-06-01 04:38:31', '2023-06-01 04:38:31'),
(3770, 27, 7, 'Fuzol Suavizante Color Plus 1lts', '7804920280343', 890.00, 1240.00, 0.00, 0.00, 10, '2023-06-01 04:38:31', '2023-06-01 04:38:31'),
(3771, 27, 7, 'Fuzol Suavizante Pieles Sensible 1lts', '7804920280695', 890.00, 1240.00, 0.00, 0.00, 10, '2023-06-01 04:38:31', '2023-06-01 04:38:31'),
(3772, 27, 7, 'Fuzol Suavizante Primavera 1lts', '7804920280596', 890.00, 1240.00, 0.00, 0.00, 10, '2023-06-01 04:38:32', '2023-06-01 04:38:32'),
(3773, 4, 7, 'Gel Duo Extra Fuerte', '7804947004496', 760.00, 1070.00, 0.00, 0.00, 6, '2023-06-01 04:38:32', '2023-06-01 04:38:32'),
(3774, 4, 8, 'Gillette Prestobarba 3', '7702018880409', 790.00, 990.00, 0.00, 0.00, 20, '2023-06-01 04:38:32', '2023-06-01 04:38:32'),
(3775, 4, 7, 'Gillette Venus Simply 3', '7702018072439', 699.00, 990.00, 0.00, 0.00, 8, '2023-06-01 04:38:33', '2023-06-01 04:38:33'),
(3776, 1, 10, 'Goodnites Pants L/XL 11 Und', '36000456103', 6500.00, 8650.00, 0.00, 0.00, 4, '2023-06-01 04:38:33', '2023-06-01 04:38:33'),
(3777, 1, 10, 'Goodnites Pants S/M 14 Und', '36000456097', 6500.00, 8650.00, 0.00, 0.00, 4, '2023-06-01 04:38:35', '2023-06-01 04:38:35'),
(3778, 4, 13, 'Head&Shoulders Alivio Refrescante', '7500435020084', 2790.00, 3350.00, 0.00, 0.00, 12, '2023-06-01 04:38:35', '2023-06-01 04:38:35'),
(3779, 4, 13, 'Head&Shoulders Control Grasa', '7500435019583', 2790.00, 3350.00, 0.00, 0.00, 12, '2023-06-01 04:38:35', '2023-06-01 04:38:35'),
(3780, 4, 13, 'Head&Shoulders Crece Fuerte', '7500435159210', 2790.00, 3350.00, 0.00, 0.00, 12, '2023-06-01 04:38:35', '2023-06-01 04:38:35'),
(3781, 4, 13, 'Head&Shoulders Dermo Sensitive', '7500435148061', 2790.00, 3350.00, 0.00, 0.00, 12, '2023-06-01 04:38:36', '2023-06-01 04:38:36'),
(3782, 4, 13, 'Head&Shoulders Limpieza Renovadora 2x1', '7500435020046', 2790.00, 3350.00, 0.00, 0.00, 12, '2023-06-01 04:38:36', '2023-06-01 04:38:36'),
(3783, 4, 13, 'Head&Shoulders Manzana Fresh', '7500435019880', 2790.00, 3350.00, 0.00, 0.00, 12, '2023-06-01 04:38:36', '2023-06-01 04:38:36'),
(3784, 4, 13, 'Head&Shoulders Men Con Old Spice', '7500435019545', 2790.00, 3350.00, 0.00, 0.00, 12, '2023-06-01 04:38:36', '2023-06-01 04:38:36'),
(3785, 4, 13, 'Head&Shoulders Nutricion Profunda', '7500435019620', 2790.00, 3350.00, 0.00, 0.00, 12, '2023-06-01 04:38:37', '2023-06-01 04:38:37'),
(3786, 4, 13, 'Head&Shoulders Proteccion Caida', '7500435019712', 2790.00, 3350.00, 0.00, 0.00, 12, '2023-06-01 04:38:37', '2023-06-01 04:38:37'),
(3787, 4, 13, 'Head&Shoulders Suave y Manejable', '7500435024569', 2790.00, 3350.00, 0.00, 0.00, 12, '2023-06-01 04:38:37', '2023-06-01 04:38:37'),
(3788, 4, 13, 'Head&Shourders Acond Limpieza Renovadora', '7500435147521', 2790.00, 3350.00, 0.00, 0.00, 12, '2023-06-01 04:38:38', '2023-06-01 04:38:38'),
(3789, 4, 13, 'Head&Shourders Acond Manzana Fresh', '7500435147569', 2790.00, 3350.00, 0.00, 0.00, 12, '2023-06-01 04:38:38', '2023-06-01 04:38:38'),
(3790, 4, 13, 'Head&Shourders Acond Suave y Manejable', '7500435147552', 2790.00, 3350.00, 0.00, 0.00, 12, '2023-06-01 04:38:38', '2023-06-01 04:38:38'),
(3791, 4, 13, 'Head&Shourders Carbon Activo', '7500435138000', 2790.00, 3350.00, 0.00, 0.00, 12, '2023-06-01 04:38:38', '2023-06-01 04:38:38'),
(3792, 4, 13, 'Head&Shourders Limpieza Renovadora', '7500435020008', 2790.00, 3350.00, 0.00, 0.00, 12, '2023-06-01 04:38:39', '2023-06-01 04:38:39'),
(3793, 4, 13, 'Head&Shourders Men 3 en 1', '7500435019491', 2790.00, 3350.00, 0.00, 0.00, 12, '2023-06-01 04:38:39', '2023-06-01 04:38:39'),
(3794, 27, 8, 'Hig. Industrial 300mts', '22222', 1300.00, 1780.00, 0.00, 0.00, 6, '2023-06-01 04:38:39', '2023-06-01 04:38:39'),
(3795, 3, 7, 'Higieclin Sabanilla 6 Und', '7806519000028', 2310.00, 3120.00, 0.00, 0.00, 10, '2023-06-01 04:38:40', '2023-06-01 04:38:40'),
(3796, 1, 10, 'Huggies Active Sec G 16 und', '7809604030757', 2200.00, 2970.00, 0.00, 0.00, 8, '2023-06-01 04:38:40', '2023-06-01 04:38:40'),
(3797, 1, 10, 'Huggies Active Sec M 16 und', '7809604030740', 2200.00, 2970.00, 0.00, 0.00, 8, '2023-06-01 04:38:40', '2023-06-01 04:38:40'),
(3798, 1, 10, 'Huggies Active Sec Xg 12 und', '7809604030719', 2200.00, 2970.00, 0.00, 0.00, 8, '2023-06-01 04:38:41', '2023-06-01 04:38:41'),
(3799, 1, 10, 'Huggies Active Sec Xxg 12 Und', '7809604030726', 2200.00, 2970.00, 0.00, 0.00, 8, '2023-06-01 04:38:41', '2023-06-01 04:38:41'),
(3800, 1, 8, 'Huggies Little Swimmers G L 10 Und', '7896007551088', 2990.00, 3720.00, 0.00, 0.00, 8, '2023-06-01 04:38:41', '2023-06-01 04:38:41'),
(3801, 1, 8, 'Huggies Little Swimmers M 11 Und', '7896007551095', 2990.00, 3720.00, 0.00, 0.00, 8, '2023-06-01 04:38:41', '2023-06-01 04:38:41'),
(3802, 1, 8, 'Huggies Little Swimmers P S 12 Und', '7896007551101', 2990.00, 3720.00, 0.00, 0.00, 8, '2023-06-01 04:38:42', '2023-06-01 04:38:42'),
(3803, 1, 10, 'Huggies Natural Care G 18 Und', '7809604029898', 2950.00, 3960.00, 0.00, 0.00, 8, '2023-06-01 04:38:42', '2023-06-01 04:38:42'),
(3804, 1, 10, 'Huggies Natural Care M 22 Und', '7809604029881', 2950.00, 3960.00, 0.00, 0.00, 8, '2023-06-01 04:38:42', '2023-06-01 04:38:42'),
(3805, 1, 8, 'Huggies Natural Care P 34 Und', '7794626008214', 5190.00, 6400.00, 0.00, 0.00, 8, '2023-06-01 04:38:42', '2023-06-01 04:38:42'),
(3806, 1, 8, 'Huggies Natural Care Rn 20 Und', '7794626004001', 2899.00, 3600.00, 0.00, 0.00, 10, '2023-06-01 04:38:43', '2023-06-01 04:38:43'),
(3807, 1, 10, 'Huggies Natural Care Xg 14 Und', '7809604029904', 2950.00, 3960.00, 0.00, 0.00, 8, '2023-06-01 04:38:43', '2023-06-01 04:38:43'),
(3808, 1, 10, 'Huggies Natural Care Xxg 14 Und', '7809604029911', 2950.00, 3960.00, 0.00, 0.00, 8, '2023-06-01 04:38:43', '2023-06-01 04:38:43'),
(3809, 4, 7, 'Huggies Toallitas Humedas Manzanilla 48 Und', '7794626007170', 860.00, 1080.00, 0.00, 0.00, 40, '2023-06-01 04:38:43', '2023-06-01 04:38:43'),
(3810, 27, 8, 'Igenix Amonio Cuaternario Lavanda', '7805040004840', 990.00, 1380.00, 0.00, 0.00, 10, '2023-06-01 04:38:44', '2023-06-01 04:38:44'),
(3811, 27, 7, 'Igenix Clorogel Eucaliptus', '7805040000781', 875.00, 1220.00, 0.00, 0.00, 10, '2023-06-01 04:38:44', '2023-06-01 04:38:44'),
(3812, 27, 7, 'Igenix Clorogel Floral', '7805040001832', 875.00, 1220.00, 0.00, 0.00, 10, '2023-06-01 04:38:44', '2023-06-01 04:38:44'),
(3813, 27, 7, 'Igenix Clorogel Lavanda', '7805040001825', 875.00, 1220.00, 0.00, 0.00, 10, '2023-06-01 04:38:44', '2023-06-01 04:38:44'),
(3814, 27, 8, 'Igenix Desinfectante Sp', '7805040001016', 1390.00, 1900.00, 0.00, 0.00, 12, '2023-06-01 04:38:46', '2023-06-01 04:38:46'),
(3815, 27, 8, 'Igenix Trapero Desinfectante', '7805040004925', 1990.00, 2700.00, 0.00, 0.00, 10, '2023-06-01 04:38:46', '2023-06-01 04:38:46'),
(3816, 4, 7, 'Kadus Acond Almendras 900 ML', '7804947005455', 950.00, 1320.00, 0.00, 0.00, 10, '2023-06-01 04:38:46', '2023-06-01 04:38:46'),
(3817, 4, 7, 'Kadus Acond Finas Hierbas 900 ML', '7804947005486', 950.00, 1320.00, 0.00, 0.00, 10, '2023-06-01 04:38:47', '2023-06-01 04:38:47'),
(3818, 4, 7, 'Kadus Jabon Almendras 900 ML', '7804947005271', 950.00, 1320.00, 0.00, 0.00, 10, '2023-06-01 04:38:47', '2023-06-01 04:38:47'),
(3819, 4, 7, 'Kadus Jabon Manzana Miel 900 ML', '7804947005127', 950.00, 1320.00, 0.00, 0.00, 10, '2023-06-01 04:38:47', '2023-06-01 04:38:47'),
(3820, 4, 7, 'Kadus Jabon Vainilla Coco 900 ML', '7804947005110', 950.00, 1320.00, 0.00, 0.00, 10, '2023-06-01 04:38:47', '2023-06-01 04:38:47'),
(3821, 4, 7, 'Kadus Shampoo Almendras 900 ML', '7804947005448', 950.00, 1320.00, 0.00, 0.00, 10, '2023-06-01 04:38:48', '2023-06-01 04:38:48'),
(3822, 4, 7, 'Kadus Shampoo Finas Hierbas 900 ML', '7804947005509', 950.00, 1320.00, 0.00, 0.00, 12, '2023-06-01 04:38:48', '2023-06-01 04:38:48'),
(3823, 27, 7, 'Killer Casa Y Jardin', '7805040004291', 2090.00, 2560.00, 0.00, 0.00, 12, '2023-06-01 04:38:48', '2023-06-01 04:38:48'),
(3824, 27, 7, 'Killer Mata Arañas Y Cucarachas', '7805040004321', 2090.00, 2560.00, 0.00, 0.00, 12, '2023-06-01 04:38:49', '2023-06-01 04:38:49'),
(3825, 27, 7, 'Killer Mata Todo Insecto', '7805040004314', 2090.00, 2560.00, 0.00, 0.00, 12, '2023-06-01 04:38:49', '2023-06-01 04:38:49'),
(3826, 4, 7, 'Ladysoft Dia 8 Und', '7790250096061', 950.00, 1190.00, 0.00, 0.00, 24, '2023-06-01 04:38:49', '2023-06-01 04:38:49'),
(3827, 4, 7, 'Ladysoft Nocturna 7 Und', '7806500960492', 981.00, 1250.00, 0.00, 0.00, 24, '2023-06-01 04:38:49', '2023-06-01 04:38:49'),
(3828, 4, 9, 'Ladysoft Normal 8 Und', '7790250096085', 590.00, 790.00, 0.00, 0.00, 24, '2023-06-01 04:38:50', '2023-06-01 04:38:50'),
(3829, 4, 9, 'Lakes Talco Corporal Fresh 500gr', '7809634801662', 1990.00, 2490.00, 0.00, 0.00, 12, '2023-06-01 04:38:50', '2023-06-01 04:38:50'),
(3830, 27, 16, 'Made Detergente Azul 5 Lts', '7650000020060', 1950.00, 2700.00, 0.00, 0.00, 1, '2023-06-01 04:38:50', '2023-06-01 04:38:50'),
(3831, 4, 7, 'Nivea Crema 150 Ml', '4005800137556', 2489.00, 3100.00, 0.00, 0.00, 12, '2023-06-01 04:38:51', '2023-06-01 04:38:51'),
(3832, 4, 13, 'Nivea Men Barra Protect & Care', '4005900363442', 1390.00, 1900.00, 0.00, 0.00, 12, '2023-06-01 04:38:51', '2023-06-01 04:38:51'),
(3833, 4, 13, 'Nivea Men Barra Sensitive Protec', '42231301', 1390.00, 1900.00, 0.00, 0.00, 12, '2023-06-01 04:38:51', '2023-06-01 04:38:51'),
(3834, 4, 13, 'Nivea Men Barra Silver Protect', '42185369', 1390.00, 1900.00, 0.00, 0.00, 12, '2023-06-01 04:38:51', '2023-06-01 04:38:51'),
(3835, 4, 13, 'Nivea Men SP Active Dry Stress', '4005808715695', 1390.00, 1900.00, 0.00, 0.00, 12, '2023-06-01 04:38:52', '2023-06-01 04:38:52'),
(3836, 4, 13, 'Nivea Men SP Protect & Care', '4005900353054', 1390.00, 1900.00, 0.00, 0.00, 12, '2023-06-01 04:38:52', '2023-06-01 04:38:52'),
(3837, 4, 13, 'Nivea Men Sp Active Dry Silver', '4005808305964', 1390.00, 1900.00, 0.00, 0.00, 12, '2023-06-01 04:38:52', '2023-06-01 04:38:52'),
(3838, 4, 13, 'Nivea Men Sp Black&White Antibacterial Fresh', '4005900374653', 1390.00, 1900.00, 0.00, 0.00, 12, '2023-06-01 04:38:52', '2023-06-01 04:38:52'),
(3839, 4, 13, 'Nivea Protect & Care', '42277842', 1390.00, 1900.00, 0.00, 0.00, 12, '2023-06-01 04:38:53', '2023-06-01 04:38:53'),
(3840, 4, 13, 'Nivea Woman Barra Aclarado Natural', '42210191', 1390.00, 1900.00, 0.00, 0.00, 12, '2023-06-01 04:38:53', '2023-06-01 04:38:53'),
(3841, 4, 13, 'Nivea Woman Barra Double Effect', '42176152', 1390.00, 1900.00, 0.00, 0.00, 12, '2023-06-01 04:38:53', '2023-06-01 04:38:53'),
(3842, 4, 13, 'Nivea Woman Barra Dry Comfort', '42096276', 1390.00, 1900.00, 0.00, 0.00, 12, '2023-06-01 04:38:53', '2023-06-01 04:38:53'),
(3843, 4, 13, 'Nivea Woman Barra Pearl & Beauty', '42126560', 1390.00, 1900.00, 0.00, 0.00, 12, '2023-06-01 04:38:54', '2023-06-01 04:38:54'),
(3844, 4, 13, 'Nivea Woman Barra Protect & Care', '4227842', 1390.00, 1900.00, 0.00, 0.00, 12, '2023-06-01 04:38:54', '2023-06-01 04:38:54'),
(3845, 4, 13, 'Nivea Woman Barra Stress Protect', '42236986', 1390.00, 1900.00, 0.00, 0.00, 12, '2023-06-01 04:38:54', '2023-06-01 04:38:54'),
(3846, 4, 13, 'Nivea Woman Sp Aclarado Natural', '4005808829675', 1390.00, 1900.00, 0.00, 0.00, 12, '2023-06-01 04:38:54', '2023-06-01 04:38:54'),
(3847, 4, 13, 'Nivea Woman Sp Aclarado Natural Beauty Touch', '4005808630660', 1390.00, 1900.00, 0.00, 0.00, 12, '2023-06-01 04:38:55', '2023-06-01 04:38:55'),
(3848, 4, 13, 'Nivea Woman Sp Black&White Clear', '4005900036643', 1390.00, 1900.00, 0.00, 0.00, 12, '2023-06-01 04:38:55', '2023-06-01 04:38:55'),
(3849, 4, 13, 'Nivea Woman Sp Black&White Pure', '4005900036605', 1390.00, 1900.00, 0.00, 0.00, 12, '2023-06-01 04:38:55', '2023-06-01 04:38:55'),
(3850, 4, 13, 'Nivea Woman Sp Double Effect', '4005808231065', 1390.00, 1900.00, 0.00, 0.00, 12, '2023-06-01 04:38:55', '2023-06-01 04:38:55'),
(3851, 4, 13, 'Nivea Woman Sp Pearl & Beauty', '4005808837311', 1390.00, 1900.00, 0.00, 0.00, 12, '2023-06-01 04:38:56', '2023-06-01 04:38:56'),
(3852, 4, 13, 'Nivea Woman Sp Protec & Care', '4005900122186', 1390.00, 1900.00, 0.00, 0.00, 12, '2023-06-01 04:38:56', '2023-06-01 04:38:56'),
(3853, 4, 13, 'Nivea Woman Sp Sensitive & Pure', '4005808662388', 1390.00, 1900.00, 0.00, 0.00, 12, '2023-06-01 04:38:56', '2023-06-01 04:38:56'),
(3854, 4, 13, 'Nivea Woman Sp Stress Protect', '4005808715688', 1390.00, 1900.00, 0.00, 0.00, 12, '2023-06-01 04:38:57', '2023-06-01 04:38:57'),
(3855, 4, 9, 'Nosotras Maternidad 10 Und', '7702027042010', 2290.00, 2830.00, 0.00, 0.00, 12, '2023-06-01 04:38:57', '2023-06-01 04:38:57'),
(3856, 27, 7, 'Nova Clasica 3 Und', '7806500406709', 1290.00, 1770.00, 0.00, 0.00, 12, '2023-06-01 04:38:57', '2023-06-01 04:38:57'),
(3857, 27, 7, 'Nova Clasica 300 Und', '7806500241201', 1290.00, 1770.00, 0.00, 0.00, 20, '2023-06-01 04:38:57', '2023-06-01 04:38:57'),
(3858, 27, 8, 'Omo Diluir Normal 500 + Envase', '7805000321451', 3490.00, 5500.00, 0.00, 0.00, 4, '2023-06-01 04:38:58', '2023-06-01 04:38:58'),
(3859, 27, 7, 'Omo Para Diluir 500ml', '7891150067707', 3490.00, 4700.00, 0.00, 0.00, 6, '2023-06-01 04:38:58', '2023-06-01 04:38:58'),
(3860, 27, 7, 'Omo Para Diluir Piel Sensible', '7791290791466', 3490.00, 4700.00, 0.00, 0.00, 6, '2023-06-01 04:38:58', '2023-06-01 04:38:58'),
(3861, 1, 11, 'Pampers Confort Sec G 20 Und', '7500435122443', 3140.00, 4210.00, 0.00, 0.00, 8, '2023-06-01 04:38:59', '2023-06-01 04:38:59'),
(3862, 1, 11, 'Pampers Confort Sec M 20 Und', '7500435150699', 3140.00, 4210.00, 0.00, 0.00, 8, '2023-06-01 04:38:59', '2023-06-01 04:38:59'),
(3863, 1, 11, 'Pampers Confort Sec Xg 16 Und', '7500435122467', 3140.00, 4210.00, 0.00, 0.00, 8, '2023-06-01 04:38:59', '2023-06-01 04:38:59'),
(3864, 1, 11, 'Pampers Confort Sec Xxg 16 Und', '7500435122450', 3140.00, 4210.00, 0.00, 0.00, 8, '2023-06-01 04:38:59', '2023-06-01 04:38:59'),
(3865, 1, 11, 'Pampers Premium Care G 20 Und', '7500435113595', 3450.00, 4620.00, 0.00, 0.00, 8, '2023-06-01 04:39:00', '2023-06-01 04:39:00'),
(3866, 1, 11, 'Pampers Premium Care M 20 Und', '7500435150682', 3450.00, 4620.00, 0.00, 0.00, 8, '2023-06-01 04:39:00', '2023-06-01 04:39:00'),
(3867, 1, 11, 'Pampers Premium Care Xg 16 Und', '7500435113601', 3450.00, 4620.00, 0.00, 0.00, 8, '2023-06-01 04:39:00', '2023-06-01 04:39:00'),
(3868, 1, 11, 'Pampers Premium Care Xxg 16 Und', '7500435113618', 3450.00, 4620.00, 0.00, 0.00, 8, '2023-06-01 04:39:00', '2023-06-01 04:39:00'),
(3869, 1, 11, 'Pampers RN 20 Und', '7506195100943', 2590.00, 3490.00, 0.00, 0.00, 4, '2023-06-01 04:39:01', '2023-06-01 04:39:01'),
(3870, 4, 13, 'Pantene Acond Bambu', '7500435155922', 2290.00, 2990.00, 0.00, 0.00, 12, '2023-06-01 04:39:01', '2023-06-01 04:39:01'),
(3871, 4, 13, 'Pantene Acond Brillo Extremo', '7501007457826', 2290.00, 2990.00, 0.00, 0.00, 12, '2023-06-01 04:39:01', '2023-06-01 04:39:01'),
(3872, 4, 13, 'Pantene Acond Control Caida', '7501001303518', 2290.00, 2990.00, 0.00, 0.00, 12, '2023-06-01 04:39:01', '2023-06-01 04:39:01'),
(3873, 4, 13, 'Pantene Acond Hidrata Extrema', '7506309840581', 2290.00, 2990.00, 0.00, 0.00, 12, '2023-06-01 04:39:02', '2023-06-01 04:39:02'),
(3874, 4, 13, 'Pantene Acond Liso Extremo', '7501001165253', 2290.00, 2990.00, 0.00, 0.00, 12, '2023-06-01 04:39:02', '2023-06-01 04:39:02'),
(3875, 4, 13, 'Pantene Acond Micelar', '7500435128650', 2290.00, 2990.00, 0.00, 0.00, 12, '2023-06-01 04:39:02', '2023-06-01 04:39:02'),
(3876, 4, 13, 'Pantene Acond Restauracion', '7501006721317', 2290.00, 2990.00, 0.00, 0.00, 12, '2023-06-01 04:39:02', '2023-06-01 04:39:02'),
(3877, 4, 13, 'Pantene Acond Rizos Definidos', '7501001165321', 2290.00, 2990.00, 0.00, 0.00, 12, '2023-06-01 04:39:04', '2023-06-01 04:39:04'),
(3878, 4, 13, 'Pantene Shampoo Bambu', '7500435155847', 2290.00, 2990.00, 0.00, 0.00, 12, '2023-06-01 04:39:05', '2023-06-01 04:39:05'),
(3879, 4, 13, 'Pantene Shampoo Brillo Extremo', '7501007457796', 2290.00, 2990.00, 0.00, 0.00, 12, '2023-06-01 04:39:05', '2023-06-01 04:39:05'),
(3880, 4, 13, 'Pantene Shampoo Control Caida', '7501001303464', 2290.00, 2990.00, 0.00, 0.00, 12, '2023-06-01 04:39:05', '2023-06-01 04:39:05'),
(3881, 4, 13, 'Pantene Shampoo Cuidado Clasico', '7501001168971', 2290.00, 2990.00, 0.00, 0.00, 12, '2023-06-01 04:39:06', '2023-06-01 04:39:06'),
(3882, 4, 13, 'Pantene Shampoo Hidra Extrema', '7506309840024', 2290.00, 2990.00, 0.00, 0.00, 12, '2023-06-01 04:39:06', '2023-06-01 04:39:06'),
(3883, 4, 13, 'Pantene Shampoo Liso Extremo', '7501001165246', 2290.00, 2990.00, 0.00, 0.00, 12, '2023-06-01 04:39:06', '2023-06-01 04:39:06'),
(3884, 4, 13, 'Pantene Shampoo Micelar', '7500435128612', 2290.00, 2990.00, 0.00, 0.00, 12, '2023-06-01 04:39:07', '2023-06-01 04:39:07'),
(3885, 4, 13, 'Pantene Shampoo Restaura', '7501006721133', 2290.00, 2990.00, 0.00, 0.00, 12, '2023-06-01 04:39:07', '2023-06-01 04:39:07'),
(3886, 4, 13, 'Pantene Shampoo Rizos Definidos', '7501001164645', 2290.00, 2990.00, 0.00, 0.00, 12, '2023-06-01 04:39:07', '2023-06-01 04:39:07'),
(3887, 3, 7, 'Para Ti Apositos Xg 20 Und', '7809536100542', 2390.00, 3220.00, 0.00, 0.00, 8, '2023-06-01 04:39:07', '2023-06-01 04:39:07'),
(3888, 27, 8, 'Paño Micro Fibra 40x40', '32123215', 550.00, 850.00, 0.00, 0.00, 40, '2023-06-01 04:39:08', '2023-06-01 04:39:08'),
(3889, 4, 7, 'Pepsondent Triple + 3x2 90g', '7805000172497', 2390.00, 2990.00, 0.00, 0.00, 18, '2023-06-01 04:39:08', '2023-06-01 04:39:08'),
(3890, 4, 9, 'Pepsondent Xtra Whitening 130g', '7805000180904', 2790.00, 3290.00, 0.00, 0.00, 48, '2023-06-01 04:39:08', '2023-06-01 04:39:08'),
(3891, 4, 7, 'Pielarmina Crema 67g', '7804907756502', 450.00, 660.00, 0.00, 0.00, 70, '2023-06-01 04:39:08', '2023-06-01 04:39:08'),
(3892, 27, 9, 'Poett Limpiapisos Lavanda 1.8 Lts', '7792960000444', 2095.00, 2690.00, 0.00, 0.00, 12, '2023-06-01 04:39:09', '2023-06-01 04:39:09'),
(3893, 27, 9, 'Poett Limpiapisos Primavera 1.8 Lts', '7793253027056', 2095.00, 2690.00, 0.00, 0.00, 12, '2023-06-01 04:39:09', '2023-06-01 04:39:09'),
(3894, 27, 8, 'Popeye Detergente Hipoalergenico 800ml', '7805045000205', 2990.00, 3720.00, 0.00, 0.00, 16, '2023-06-01 04:39:09', '2023-06-01 04:39:09'),
(3895, 27, 7, 'Popeye Jabon Bebe', '7805045001080', 790.00, 1100.00, 0.00, 0.00, 40, '2023-06-01 04:39:09', '2023-06-01 04:39:09'),
(3896, 4, 13, 'Rexona Sp Men Invisible', '7791293041582', 1590.00, 2010.00, 0.00, 0.00, 12, '2023-06-01 04:39:10', '2023-06-01 04:39:10'),
(3897, 4, 13, 'Rexona Sp Men Xtra Cool', '7791293041674', 1590.00, 2010.00, 0.00, 0.00, 12, '2023-06-01 04:39:10', '2023-06-01 04:39:10'),
(3898, 4, 13, 'Rexona Sp Woman Powder Dry', '8710908249150', 1590.00, 2010.00, 0.00, 0.00, 12, '2023-06-01 04:39:10', '2023-06-01 04:39:10'),
(3899, 4, 13, 'Rexona Woman Barra Active Emotion', '75029982', 1590.00, 2010.00, 0.00, 0.00, 12, '2023-06-01 04:39:10', '2023-06-01 04:39:10'),
(3900, 4, 13, 'Rexona Woman Barra Antibacterial', '75047849', 1590.00, 2010.00, 0.00, 0.00, 12, '2023-06-01 04:39:11', '2023-06-01 04:39:11'),
(3901, 4, 13, 'Rexona Woman Barra Bamboo', '78004498', 1590.00, 2010.00, 0.00, 0.00, 12, '2023-06-01 04:39:11', '2023-06-01 04:39:11'),
(3902, 4, 13, 'Rexona Woman Barra Invisible Aqua', '96086216', 1590.00, 2010.00, 0.00, 0.00, 12, '2023-06-01 04:39:11', '2023-06-01 04:39:11'),
(3903, 4, 13, 'Rexona Woman Barra Powder Dry', '7805000784027', 1590.00, 2010.00, 0.00, 0.00, 12, '2023-06-01 04:39:11', '2023-06-01 04:39:11'),
(3904, 4, 13, 'Rexona Woman SP Invisible', '7791293032481', 1590.00, 2010.00, 0.00, 0.00, 12, '2023-06-01 04:39:12', '2023-06-01 04:39:12'),
(3905, 27, 8, 'Rinso Diluir 500 Ml + Envase', '7805000322830', 2590.00, 4000.00, 0.00, 0.00, 4, '2023-06-01 04:39:12', '2023-06-01 04:39:12'),
(3906, 4, 8, 'Simonds Jabon De Glicerina', '7804945010703', 1290.00, 1640.00, 0.00, 0.00, 12, '2023-06-01 04:39:13', '2023-06-01 04:39:13'),
(3907, 4, 9, 'Tutte Absorbente de Leche 60 Und', '7809634801419', 2929.00, 3640.00, 0.00, 0.00, 30, '2023-06-01 04:39:13', '2023-06-01 04:39:13'),
(3908, 4, 7, 'Tutte Cotonitos 200 Und', '7809634801167', 900.00, 1170.00, 0.00, 0.00, 40, '2023-06-01 04:39:13', '2023-06-01 04:39:13'),
(3909, 4, 7, 'Wilkinson Prestobarba X2', '78016118', 700.00, 1040.00, 0.00, 0.00, 12, '2023-06-01 04:39:13', '2023-06-01 04:39:13'),
(3910, 27, 8, 'Wyn Limpiavidrios 750ml', '7804609730404', 2290.00, 3050.00, 0.00, 0.00, 12, '2023-06-01 04:39:14', '2023-06-01 04:39:14');

-- --------------------------------------------------------

--
-- Estructura de tabla para la tabla `proveedores`
--

CREATE TABLE `proveedores` (
  `id` bigint(20) UNSIGNED NOT NULL,
  `nombre` varchar(255) NOT NULL,
  `created_at` timestamp NULL DEFAULT NULL,
  `updated_at` timestamp NULL DEFAULT NULL
) ENGINE=InnoDB DEFAULT CHARSET=utf8mb4 COLLATE=utf8mb4_unicode_ci;

--
-- Volcado de datos para la tabla `proveedores`
--

INSERT INTO `proveedores` (`id`, `nombre`, `created_at`, `updated_at`) VALUES
(7, 'Lagos Valparaiso', '2023-05-17 03:20:28', '2023-05-17 03:20:28'),
(8, 'Chikool', '2023-05-17 03:20:34', '2023-05-17 03:20:34'),
(9, 'Liquimax', '2023-05-17 03:20:39', '2023-05-17 03:20:39'),
(10, 'Raul', '2023-05-17 03:20:45', '2023-05-17 03:20:45'),
(11, 'Central Mayorista', '2023-05-17 03:20:52', '2023-05-17 03:20:52'),
(12, 'Ballerina', '2023-05-17 03:21:00', '2023-05-17 03:21:00'),
(13, 'Perfumeria Lagos', '2023-05-17 03:21:09', '2023-05-17 03:21:09'),
(14, 'Emubaby', '2023-05-17 03:21:16', '2023-05-17 03:21:16'),
(15, 'Das', '2023-05-17 03:21:24', '2023-05-17 03:21:24'),
(16, 'Made', '2023-05-17 03:21:32', '2023-05-17 03:21:32');

-- --------------------------------------------------------

--
-- Estructura de tabla para la tabla `users`
--

CREATE TABLE `users` (
  `id` bigint(20) UNSIGNED NOT NULL,
  `name` varchar(255) NOT NULL,
  `email` varchar(255) NOT NULL,
  `email_verified_at` timestamp NULL DEFAULT NULL,
  `password` varchar(255) NOT NULL,
  `remember_token` varchar(100) DEFAULT NULL,
  `created_at` timestamp NULL DEFAULT NULL,
  `updated_at` timestamp NULL DEFAULT NULL
) ENGINE=InnoDB DEFAULT CHARSET=utf8mb4 COLLATE=utf8mb4_unicode_ci;

--
-- Volcado de datos para la tabla `users`
--

INSERT INTO `users` (`id`, `name`, `email`, `email_verified_at`, `password`, `remember_token`, `created_at`, `updated_at`) VALUES
(1, 'Felipe', 'felipe.lopez.o@gmail.com', NULL, '$2y$10$ffHgt6Yec8T7HjGAcnDvKuPEHbsk7M/uWEO/5inufrsOwFq1sM9FO', NULL, '2023-04-18 02:35:03', '2023-04-18 02:35:03');

-- --------------------------------------------------------

--
-- Estructura de tabla para la tabla `venta_cabeceras`
--

CREATE TABLE `venta_cabeceras` (
  `id` bigint(20) UNSIGNED NOT NULL,
  `cliente_id` bigint(20) UNSIGNED NOT NULL,
  `almacen_id` bigint(20) UNSIGNED NOT NULL,
  `usuario_id` bigint(20) UNSIGNED NOT NULL,
  `docalmacen_id` bigint(20) UNSIGNED NOT NULL,
  `caja_id` bigint(20) UNSIGNED NOT NULL,
  `serie` varchar(255) NOT NULL,
  `nro_comprobante` varchar(255) NOT NULL,
  `descripcion` varchar(255) NOT NULL,
  `pago_efectivo` double(8,2) NOT NULL,
  `pago_tarjeta` double(8,2) NOT NULL,
  `pago_transferencia` double(8,2) NOT NULL,
  `pago_credito` double(8,2) NOT NULL,
  `subtotal` double(8,2) NOT NULL,
  `iva` varchar(255) NOT NULL,
  `delivery` double(8,2) NOT NULL,
  `total_venta` double(8,2) NOT NULL,
  `tipo_pago` varchar(255) NOT NULL,
  `estado` int(11) NOT NULL,
  `fecha_venta` time NOT NULL,
  `created_at` timestamp NULL DEFAULT NULL,
  `updated_at` timestamp NULL DEFAULT NULL
) ENGINE=InnoDB DEFAULT CHARSET=utf8mb4 COLLATE=utf8mb4_unicode_ci;

-- --------------------------------------------------------

--
-- Estructura de tabla para la tabla `venta_detalles`
--

CREATE TABLE `venta_detalles` (
  `id` bigint(20) UNSIGNED NOT NULL,
  `ventacabecera_id` bigint(20) UNSIGNED NOT NULL,
  `codigoproducto` varchar(255) NOT NULL,
  `cantidad` int(11) NOT NULL,
  `total_venta` double(8,2) NOT NULL,
  `fecha_venta` time NOT NULL,
  `created_at` timestamp NULL DEFAULT NULL,
  `updated_at` timestamp NULL DEFAULT NULL
) ENGINE=InnoDB DEFAULT CHARSET=utf8mb4 COLLATE=utf8mb4_unicode_ci;

--
-- Índices para tablas volcadas
--

--
-- Indices de la tabla `almacenes`
--
ALTER TABLE `almacenes`
  ADD PRIMARY KEY (`id`),
  ADD KEY `almacenes_empresa_id_foreign` (`empresa_id`);

--
-- Indices de la tabla `cajas`
--
ALTER TABLE `cajas`
  ADD PRIMARY KEY (`id`),
  ADD KEY `cajas_usuario_id_foreign` (`usuario_id`),
  ADD KEY `cajas_almacen_id_foreign` (`almacen_id`);

--
-- Indices de la tabla `categorias`
--
ALTER TABLE `categorias`
  ADD PRIMARY KEY (`id`);

--
-- Indices de la tabla `clientes`
--
ALTER TABLE `clientes`
  ADD PRIMARY KEY (`id`),
  ADD UNIQUE KEY `clientes_rut_unique` (`rut`);

--
-- Indices de la tabla `compras`
--
ALTER TABLE `compras`
  ADD PRIMARY KEY (`id`),
  ADD KEY `compras_proveedor_id_foreign` (`proveedor_id`);

--
-- Indices de la tabla `depositos`
--
ALTER TABLE `depositos`
  ADD PRIMARY KEY (`id`),
  ADD KEY `depositos_producto_id_foreign` (`producto_id`);

--
-- Indices de la tabla `detalle_compras`
--
ALTER TABLE `detalle_compras`
  ADD PRIMARY KEY (`id`),
  ADD KEY `detalle_compras_compra_id_foreign` (`compra_id`),
  ADD KEY `producto_id` (`producto_id`);

--
-- Indices de la tabla `doc_almacenes`
--
ALTER TABLE `doc_almacenes`
  ADD PRIMARY KEY (`id`),
  ADD KEY `doc_almacenes_almacen_id_foreign` (`almacen_id`);

--
-- Indices de la tabla `empleados`
--
ALTER TABLE `empleados`
  ADD PRIMARY KEY (`id`);

--
-- Indices de la tabla `empresas`
--
ALTER TABLE `empresas`
  ADD PRIMARY KEY (`id`);

--
-- Indices de la tabla `failed_jobs`
--
ALTER TABLE `failed_jobs`
  ADD PRIMARY KEY (`id`),
  ADD UNIQUE KEY `failed_jobs_uuid_unique` (`uuid`);

--
-- Indices de la tabla `historiales`
--
ALTER TABLE `historiales`
  ADD PRIMARY KEY (`id`),
  ADD KEY `historiales_producto_id_foreign` (`producto_id`),
  ADD KEY `historiales_usuario_id_foreign` (`usuario_id`),
  ADD KEY `historiales_almacen_id_foreign` (`almacen_id`);

--
-- Indices de la tabla `inventarios`
--
ALTER TABLE `inventarios`
  ADD PRIMARY KEY (`id`),
  ADD KEY `inventarios_almacen_id_foreign` (`almacen_id`),
  ADD KEY `inventarios_producto_id_foreign` (`producto_id`),
  ADD KEY `inventarios_usuario_id_foreign` (`usuario_id`);

--
-- Indices de la tabla `migrations`
--
ALTER TABLE `migrations`
  ADD PRIMARY KEY (`id`);

--
-- Indices de la tabla `movimiento_cajas`
--
ALTER TABLE `movimiento_cajas`
  ADD PRIMARY KEY (`id`),
  ADD KEY `movimento_cajas_usuario_id_foreign` (`usuario_id`),
  ADD KEY `movimento_cajas_almacen_id_foreign` (`almacen_id`);

--
-- Indices de la tabla `password_resets`
--
ALTER TABLE `password_resets`
  ADD KEY `password_resets_email_index` (`email`);

--
-- Indices de la tabla `password_reset_tokens`
--
ALTER TABLE `password_reset_tokens`
  ADD PRIMARY KEY (`email`);

--
-- Indices de la tabla `personal_access_tokens`
--
ALTER TABLE `personal_access_tokens`
  ADD PRIMARY KEY (`id`),
  ADD UNIQUE KEY `personal_access_tokens_token_unique` (`token`),
  ADD KEY `personal_access_tokens_tokenable_type_tokenable_id_index` (`tokenable_type`,`tokenable_id`);

--
-- Indices de la tabla `productos`
--
ALTER TABLE `productos`
  ADD PRIMARY KEY (`id`),
  ADD KEY `productos_categoria_id_foreign` (`categoria_id`),
  ADD KEY `provee_id` (`proveedor_id`);

--
-- Indices de la tabla `proveedores`
--
ALTER TABLE `proveedores`
  ADD PRIMARY KEY (`id`);

--
-- Indices de la tabla `users`
--
ALTER TABLE `users`
  ADD PRIMARY KEY (`id`),
  ADD UNIQUE KEY `users_email_unique` (`email`);

--
-- Indices de la tabla `venta_cabeceras`
--
ALTER TABLE `venta_cabeceras`
  ADD PRIMARY KEY (`id`),
  ADD KEY `venta_cabeceras_cliente_id_foreign` (`cliente_id`),
  ADD KEY `venta_cabeceras_almacen_id_foreign` (`almacen_id`),
  ADD KEY `venta_cabeceras_usuario_id_foreign` (`usuario_id`),
  ADD KEY `venta_cabeceras_docalmacen_id_foreign` (`docalmacen_id`),
  ADD KEY `venta_cabeceras_caja_id_foreign` (`caja_id`);

--
-- Indices de la tabla `venta_detalles`
--
ALTER TABLE `venta_detalles`
  ADD PRIMARY KEY (`id`),
  ADD KEY `venta_detalles_ventacabecera_id_foreign` (`ventacabecera_id`);

--
-- AUTO_INCREMENT de las tablas volcadas
--

--
-- AUTO_INCREMENT de la tabla `almacenes`
--
ALTER TABLE `almacenes`
  MODIFY `id` bigint(20) UNSIGNED NOT NULL AUTO_INCREMENT, AUTO_INCREMENT=12;

--
-- AUTO_INCREMENT de la tabla `cajas`
--
ALTER TABLE `cajas`
  MODIFY `id` bigint(20) UNSIGNED NOT NULL AUTO_INCREMENT, AUTO_INCREMENT=23;

--
-- AUTO_INCREMENT de la tabla `categorias`
--
ALTER TABLE `categorias`
  MODIFY `id` bigint(20) UNSIGNED NOT NULL AUTO_INCREMENT, AUTO_INCREMENT=29;

--
-- AUTO_INCREMENT de la tabla `clientes`
--
ALTER TABLE `clientes`
  MODIFY `id` bigint(20) UNSIGNED NOT NULL AUTO_INCREMENT, AUTO_INCREMENT=4;

--
-- AUTO_INCREMENT de la tabla `compras`
--
ALTER TABLE `compras`
  MODIFY `id` bigint(20) UNSIGNED NOT NULL AUTO_INCREMENT, AUTO_INCREMENT=151;

--
-- AUTO_INCREMENT de la tabla `depositos`
--
ALTER TABLE `depositos`
  MODIFY `id` bigint(20) UNSIGNED NOT NULL AUTO_INCREMENT, AUTO_INCREMENT=1258;

--
-- AUTO_INCREMENT de la tabla `detalle_compras`
--
ALTER TABLE `detalle_compras`
  MODIFY `id` bigint(20) UNSIGNED NOT NULL AUTO_INCREMENT, AUTO_INCREMENT=160;

--
-- AUTO_INCREMENT de la tabla `doc_almacenes`
--
ALTER TABLE `doc_almacenes`
  MODIFY `id` bigint(20) UNSIGNED NOT NULL AUTO_INCREMENT, AUTO_INCREMENT=9;

--
-- AUTO_INCREMENT de la tabla `empleados`
--
ALTER TABLE `empleados`
  MODIFY `id` bigint(20) NOT NULL AUTO_INCREMENT, AUTO_INCREMENT=2;

--
-- AUTO_INCREMENT de la tabla `empresas`
--
ALTER TABLE `empresas`
  MODIFY `id` bigint(20) UNSIGNED NOT NULL AUTO_INCREMENT, AUTO_INCREMENT=6;

--
-- AUTO_INCREMENT de la tabla `failed_jobs`
--
ALTER TABLE `failed_jobs`
  MODIFY `id` bigint(20) UNSIGNED NOT NULL AUTO_INCREMENT;

--
-- AUTO_INCREMENT de la tabla `historiales`
--
ALTER TABLE `historiales`
  MODIFY `id` bigint(20) UNSIGNED NOT NULL AUTO_INCREMENT;

--
-- AUTO_INCREMENT de la tabla `inventarios`
--
ALTER TABLE `inventarios`
  MODIFY `id` bigint(20) UNSIGNED NOT NULL AUTO_INCREMENT, AUTO_INCREMENT=3282;

--
-- AUTO_INCREMENT de la tabla `migrations`
--
ALTER TABLE `migrations`
  MODIFY `id` int(10) UNSIGNED NOT NULL AUTO_INCREMENT, AUTO_INCREMENT=23;

--
-- AUTO_INCREMENT de la tabla `movimiento_cajas`
--
ALTER TABLE `movimiento_cajas`
  MODIFY `id` bigint(20) UNSIGNED NOT NULL AUTO_INCREMENT, AUTO_INCREMENT=93;

--
-- AUTO_INCREMENT de la tabla `personal_access_tokens`
--
ALTER TABLE `personal_access_tokens`
  MODIFY `id` bigint(20) UNSIGNED NOT NULL AUTO_INCREMENT;

--
-- AUTO_INCREMENT de la tabla `productos`
--
ALTER TABLE `productos`
  MODIFY `id` bigint(20) UNSIGNED NOT NULL AUTO_INCREMENT, AUTO_INCREMENT=3911;

--
-- AUTO_INCREMENT de la tabla `proveedores`
--
ALTER TABLE `proveedores`
  MODIFY `id` bigint(20) UNSIGNED NOT NULL AUTO_INCREMENT, AUTO_INCREMENT=17;

--
-- AUTO_INCREMENT de la tabla `users`
--
ALTER TABLE `users`
  MODIFY `id` bigint(20) UNSIGNED NOT NULL AUTO_INCREMENT, AUTO_INCREMENT=2;

--
-- AUTO_INCREMENT de la tabla `venta_cabeceras`
--
ALTER TABLE `venta_cabeceras`
  MODIFY `id` bigint(20) UNSIGNED NOT NULL AUTO_INCREMENT;

--
-- AUTO_INCREMENT de la tabla `venta_detalles`
--
ALTER TABLE `venta_detalles`
  MODIFY `id` bigint(20) UNSIGNED NOT NULL AUTO_INCREMENT;

--
-- Restricciones para tablas volcadas
--

--
-- Filtros para la tabla `almacenes`
--
ALTER TABLE `almacenes`
  ADD CONSTRAINT `almacenes_empresa_id_foreign` FOREIGN KEY (`empresa_id`) REFERENCES `empresas` (`id`);

--
-- Filtros para la tabla `cajas`
--
ALTER TABLE `cajas`
  ADD CONSTRAINT `cajas_almacen_id_foreign` FOREIGN KEY (`almacen_id`) REFERENCES `almacenes` (`id`),
  ADD CONSTRAINT `cajas_usuario_id_foreign` FOREIGN KEY (`usuario_id`) REFERENCES `users` (`id`);

--
-- Filtros para la tabla `compras`
--
ALTER TABLE `compras`
  ADD CONSTRAINT `compras_proveedor_id_foreign` FOREIGN KEY (`proveedor_id`) REFERENCES `proveedores` (`id`);

--
-- Filtros para la tabla `depositos`
--
ALTER TABLE `depositos`
  ADD CONSTRAINT `depositos_producto_id_foreign` FOREIGN KEY (`producto_id`) REFERENCES `productos` (`id`);

--
-- Filtros para la tabla `detalle_compras`
--
ALTER TABLE `detalle_compras`
  ADD CONSTRAINT `detalle_compras_compra_id_foreign` FOREIGN KEY (`compra_id`) REFERENCES `compras` (`id`),
  ADD CONSTRAINT `detalle_compras_producto_id_foreign` FOREIGN KEY (`producto_id`) REFERENCES `productos` (`id`);

--
-- Filtros para la tabla `doc_almacenes`
--
ALTER TABLE `doc_almacenes`
  ADD CONSTRAINT `doc_almacenes_almacen_id_foreign` FOREIGN KEY (`almacen_id`) REFERENCES `almacenes` (`id`);

--
-- Filtros para la tabla `historiales`
--
ALTER TABLE `historiales`
  ADD CONSTRAINT `historiales_almacen_id_foreign` FOREIGN KEY (`almacen_id`) REFERENCES `almacenes` (`id`),
  ADD CONSTRAINT `historiales_producto_id_foreign` FOREIGN KEY (`producto_id`) REFERENCES `productos` (`id`),
  ADD CONSTRAINT `historiales_usuario_id_foreign` FOREIGN KEY (`usuario_id`) REFERENCES `users` (`id`);

--
-- Filtros para la tabla `inventarios`
--
ALTER TABLE `inventarios`
  ADD CONSTRAINT `inventarios_almacen_id_foreign` FOREIGN KEY (`almacen_id`) REFERENCES `almacenes` (`id`),
  ADD CONSTRAINT `inventarios_producto_id_foreign` FOREIGN KEY (`producto_id`) REFERENCES `productos` (`id`),
  ADD CONSTRAINT `inventarios_usuario_id_foreign` FOREIGN KEY (`usuario_id`) REFERENCES `users` (`id`);

--
-- Filtros para la tabla `productos`
--
ALTER TABLE `productos`
  ADD CONSTRAINT `productos_categoria_id_foreign` FOREIGN KEY (`categoria_id`) REFERENCES `categorias` (`id`),
  ADD CONSTRAINT `productos_proveedor_id_foreign` FOREIGN KEY (`proveedor_id`) REFERENCES `proveedores` (`id`);

--
-- Filtros para la tabla `venta_cabeceras`
--
ALTER TABLE `venta_cabeceras`
  ADD CONSTRAINT `venta_cabeceras_almacen_id_foreign` FOREIGN KEY (`almacen_id`) REFERENCES `almacenes` (`id`),
  ADD CONSTRAINT `venta_cabeceras_caja_id_foreign` FOREIGN KEY (`caja_id`) REFERENCES `cajas` (`id`),
  ADD CONSTRAINT `venta_cabeceras_cliente_id_foreign` FOREIGN KEY (`cliente_id`) REFERENCES `clientes` (`id`),
  ADD CONSTRAINT `venta_cabeceras_docalmacen_id_foreign` FOREIGN KEY (`docalmacen_id`) REFERENCES `doc_almacenes` (`id`),
  ADD CONSTRAINT `venta_cabeceras_usuario_id_foreign` FOREIGN KEY (`usuario_id`) REFERENCES `users` (`id`);

--
-- Filtros para la tabla `venta_detalles`
--
ALTER TABLE `venta_detalles`
  ADD CONSTRAINT `venta_detalles_ventacabecera_id_foreign` FOREIGN KEY (`ventacabecera_id`) REFERENCES `venta_cabeceras` (`id`);
COMMIT;

/*!40101 SET CHARACTER_SET_CLIENT=@OLD_CHARACTER_SET_CLIENT */;
/*!40101 SET CHARACTER_SET_RESULTS=@OLD_CHARACTER_SET_RESULTS */;
/*!40101 SET COLLATION_CONNECTION=@OLD_COLLATION_CONNECTION */;
